gene,n_pairs,mean_CXCR3-,mean_CXCR3+,log2FC,pvalue,padj,is_zinc,padj_zinc_panel
IGHM,8,0.84266394,0.36143064,-0.6942728936584278,0.0078125,0.07291666666666667,False,
IGHD,8,0.6030409,0.15060997,-0.6527198214181629,0.0078125,0.07291666666666667,False,
FCRL1,8,0.26396146,0.08839971,-0.25328207460036195,0.0078125,0.07291666666666667,False,
CFD,8,0.26095223,0.0637486,-0.2845047079469133,0.0078125,0.07291666666666667,False,
GZMA,8,0.3195579,0.71501994,0.5705311183886607,0.0078125,0.07291666666666667,False,
LYZ,8,0.495945,0.2622987,-0.3370803632592892,0.0078125,0.07291666666666667,False,
TBXAS1,8,0.1511307,0.061581455,-0.1291922601898269,0.0078125,0.07291666666666667,False,
LST1,8,0.50586784,0.21410969,-0.420918035945264,0.0078125,0.07291666666666667,False,
GZMK,8,0.10954198,0.57243145,0.667808332330647,0.0078125,0.07291666666666667,False,
S100A8,8,0.42786485,0.14361443,-0.41008669758091243,0.0078125,0.07291666666666667,False,
S100A9,8,0.5449817,0.24038467,-0.4394406534345139,0.0078125,0.07291666666666667,False,
XBP1,8,0.32627156,0.62421906,0.429847375178061,0.0078125,0.07291666666666667,False,
SERPINA1,8,0.24432856,0.053947765,-0.2746614314095999,0.0078125,0.07291666666666667,False,
AIF1,8,0.5404234,0.3090119,-0.3338562045035641,0.0078125,0.07291666666666667,False,
IL4R,8,0.30936047,0.0961559,-0.30758918674813057,0.0078125,0.07291666666666667,False,
FTL,8,3.1599252,2.906187,-0.3660667921879968,0.015625,0.0875,False,
MNDA,8,0.2001352,0.09760098,-0.14792561017096217,0.015625,0.0875,False,
HOPX,8,0.23762211,0.45769,0.31749085139541183,0.015625,0.0875,False,
FCN1,8,0.32567394,0.113857105,-0.3055870937137739,0.015625,0.0875,False,
IFI30,8,0.30871806,0.17911884,-0.18697214276405846,0.015625,0.0875,False,
DUSP2,8,0.09377228,0.27799195,0.26577280906939466,0.015625,0.0875,False,
FCGR3A,8,0.34676787,0.1486894,-0.28576682412810134,0.015625,0.0875,False,
CTSW,8,0.40556875,0.70763874,0.43579487921019866,0.015625,0.0875,False,
CST7,8,0.32808062,0.59700185,0.3879713195194757,0.015625,0.0875,False,
CD8B,8,0.23839933,0.37372148,0.19522859987535474,0.015625,0.0875,False,
EBF1,8,0.15030688,0.077516474,-0.10501435869008661,0.0234375,0.1025390625,False,
MZB1,8,0.14470795,0.34364137,0.28700026220225805,0.0234375,0.1025390625,False,
TMSB4X,8,4.3443766,4.5086746,0.23703199286395046,0.0234375,0.1025390625,False,
ITM2C,8,0.157561,0.3934442,0.3403075317114044,0.0234375,0.1025390625,False,
MAN1A1,8,0.046422914,0.10363383,0.08253790305316344,0.0234375,0.1025390625,False,
TIGIT,8,0.052760318,0.10950327,0.08186277440828581,0.0234375,0.1025390625,False,
NKG7,8,0.5598365,0.98672116,0.6158643692948901,0.0234375,0.1025390625,False,
IGLC2,8,0.5356064,0.18426853,-0.5068733740069753,0.0390625,0.14780405405405406,False,
IGLC3,8,0.40849894,0.090753496,-0.4584097808810664,0.0390625,0.14780405405405406,False,
RUNX2,8,0.049166773,0.15169057,0.14791058318684305,0.0390625,0.14780405405405406,False,
NUDT1,8,0.13957119,0.21151938,0.1037992905128252,0.0390625,0.14780405405405406,False,
SLC39A7,8,0.07737988,0.13550496,0.08385676276022057,0.0390625,0.14780405405405406,True,0.12760416666666669
MT2A,8,0.40216446,0.59217244,0.27412357716685787,0.0546875,0.17013888888888887,True,0.12760416666666669
DERL3,8,0.07146025,0.15745962,0.12407086407219309,0.0546875,0.17013888888888887,False,
MT1X,8,0.15500408,0.25767654,0.14812504555246897,0.0546875,0.17013888888888887,True,0.12760416666666669
GZMB,8,0.20483132,0.42204887,0.313378681719788,0.0546875,0.17013888888888887,False,
PRF1,8,0.27505836,0.3732137,0.1416082359503127,0.0546875,0.17013888888888887,False,
SLC39A4,8,0.055132695,0.029997874,-0.036261880876108946,0.0546875,0.17013888888888887,True,0.12760416666666669
MT1F,8,0.0769953,0.18320367,0.1532262874532048,0.0546875,0.17013888888888887,True,0.12760416666666669
SLC39A10,8,0.10231317,0.13947532,0.05361364585274271,0.0546875,0.17013888888888887,True,0.12760416666666669
FAM26F,8,0.23149896,0.007933249,-0.322537144839197,0.0625,0.19021739130434784,False,
NAMPT,8,0.1457051,0.10816288,-0.05416198028827174,0.078125,0.21033653846153846,False,
CMC1,8,0.20444924,0.33936304,0.19463947330482417,0.078125,0.21033653846153846,False,
FHIT,8,0.19822085,0.12343845,-0.10788819953491983,0.078125,0.21033653846153846,False,
IRF7,8,0.20352262,0.34232616,0.2002511812111522,0.078125,0.21033653846153846,False,
CD8A,8,0.18839395,0.36589032,0.25607313804555176,0.078125,0.21033653846153846,False,
GNLY,8,0.508215,0.7378409,0.3312801193719528,0.078125,0.21033653846153846,False,
KCNQ5,8,0.07075055,0.05809687,-0.01825539944547183,0.109375,0.26400862068965514,False,
XCL2,8,0.052774943,0.12287574,0.10113407537240425,0.109375,0.26400862068965514,False,
STMN1,8,0.18243326,0.3311396,0.2145378875074825,0.109375,0.26400862068965514,False,
NELL2,8,0.113132894,0.17335556,0.08688294798697119,0.109375,0.26400862068965514,False,
ACTN1,8,0.12767589,0.09221392,-0.05116080778830597,0.109375,0.26400862068965514,False,
FCRL6,8,0.072026856,0.11335135,0.059618645834846926,0.109375,0.26400862068965514,False,
MTRNR2L1,8,0.47159284,0.38994512,-0.11779276638943441,0.125,0.2966101694915254,False,
FTH1,8,2.9488702,2.8090706,-0.2016881822504364,0.1484375,0.31486742424242425,False,
RUFY1,8,0.0771928,0.12018894,0.06203031555223338,0.1484375,0.31486742424242425,False,
HLA-DQA2,8,0.31172,0.25258338,-0.08531612154411693,0.1484375,0.31486742424242425,False,
RPL27A,8,3.2305698,3.313805,0.12008310234663715,0.1484375,0.31486742424242425,False,
CST3,8,0.4817363,0.41237944,-0.10006079614186354,0.1484375,0.31486742424242425,False,
CLIC3,8,0.13318107,0.29637122,0.23543362910249424,0.1484375,0.31486742424242425,False,
KLRC1,8,0.054716714,0.2307,0.25389020525381284,0.1484375,0.31486742424242425,False,
IGHA1,8,0.21267831,0.3034782,0.13099656242677568,0.1953125,0.36951013513513514,False,
MT-CYB,8,3.5013585,3.5601268,0.08478469515295085,0.1953125,0.36951013513513514,False,
MARCH1,8,0.24102391,0.17288461,-0.09830422983944488,0.1875,0.36951013513513514,False,
PPBP,8,0.17577422,0.1415252,-0.049410895064692574,0.1953125,0.36951013513513514,False,
JCHAIN,8,0.3713069,0.711809,0.49124066699149854,0.1953125,0.36951013513513514,False,
HLA-DRA,8,2.1919093,1.645955,-0.7876456284735385,0.1953125,0.36951013513513514,False,
AUTS2,8,0.092289634,0.06904838,-0.03353003858185218,0.1953125,0.36951013513513514,False,
AES,8,0.46751413,0.58147407,0.16440943782772757,0.1875,0.36951013513513514,False,
IGHG1,8,0.11251895,0.2348553,0.17649403526674776,0.25,0.4166666666666667,False,
CD74,8,3.1057086,2.7639961,-0.49298689283703406,0.25,0.4166666666666667,False,
TALAM1,8,0.32983965,0.3401277,0.014842532726087543,0.25,0.4166666666666667,False,
ENSG00000289901,8,0.3825002,0.3998593,0.025043898640328615,0.25,0.4166666666666667,False,
SLC39A14,8,0.0024223882,0.0052221697,0.004039230892862789,0.25,0.4166666666666667,True,0.4375
PLD4,8,0.11685911,0.25452214,0.198605780194685,0.25,0.4166666666666667,False,
MT1E,8,0.027023498,0.09133135,0.09277662144938878,0.25,0.4166666666666667,True,0.4375
NIBAN3,8,0.20632245,0.11945449,-0.12532397266204223,0.25,0.4166666666666667,False,
KLRD1,8,0.1929978,0.30757618,0.16530166232257246,0.25,0.4166666666666667,False,
LINC02446,8,0.07084306,0.12151753,0.07310780408563232,0.25,0.4166666666666667,False,
SLC39A11,8,0.04726712,0.076190755,0.04172798397065024,0.3125,0.49715909090909094,True,0.4375
SLC39A6,8,0.04955533,0.08037721,0.044466576583953366,0.3125,0.49715909090909094,True,0.4375
OSBPL10,8,0.14872138,0.11610356,-0.04705757046161133,0.3125,0.49715909090909094,False,
IFNG-AS1,8,0.07701567,0.1600984,0.11986305054485819,0.3125,0.49715909090909094,False,
IFITM3,8,0.3637697,0.30830956,-0.08001209060018248,0.3828125,0.5701462765957447,False,
PDE4D,8,0.13579354,0.15917268,0.033728979513237736,0.3828125,0.5701462765957447,False,
CCL4,8,0.14937514,0.23096284,0.11770617312472499,0.3828125,0.5701462765957447,False,
TRDC,8,0.10266011,0.20109408,0.1420101916521261,0.3828125,0.5701462765957447,False,
SLC39A9,8,0.03709303,0.05584157,0.027048426304086562,0.3828125,0.5701462765957447,True,0.44661458333333337
SLC39A1,8,0.08320341,0.06809552,-0.02179608152119423,0.3828125,0.5701462765957447,True,0.44661458333333337
PAX5,8,0.19547947,0.14153843,-0.077820472684575,0.4609375,0.6518308080808081,False,
PGRMC1,8,0.07154242,0.09888078,0.03944092105827173,0.4609375,0.6518308080808081,False,
MT-ND3,8,3.660027,3.6066656,-0.07698425004041731,0.4609375,0.6518308080808081,False,
HBB,8,1.3804262,1.419513,0.05639035949550115,0.4609375,0.6518308080808081,False,
ADGRG1,8,0.0783258,0.06100485,-0.024988848068678998,0.4609375,0.6518308080808081,False,
LINC01934,8,0.047228724,0.06599796,0.02707828141738478,0.5,0.6666666666666666,False,
RHEX,8,0.037629195,0.062028863,0.035201279991611524,0.5,0.6666666666666666,False,
ENSG00000282885,8,0.07093062,0.077399716,0.009332928769793641,0.5,0.6666666666666666,False,
SLC38A4-AS1,8,0.034959503,0.0389963,0.005823870003998647,0.5,0.6666666666666666,False,
SLC26A3,8,0.08363936,0.101584844,0.025889859802091412,0.5,0.6666666666666666,False,
H2AC6,8,0.08065016,0.050205607,-0.043922203123852026,0.5,0.6666666666666666,False,
FOS,8,0.34656286,0.34701696,0.0006551249127991538,0.546875,0.7155373831775701,False,
CDK14,8,0.08925688,0.081196725,-0.011628348964112512,0.546875,0.7155373831775701,False,
TRGV9,8,0.042078756,0.08004309,0.054770960106061264,0.5625,0.7291666666666666,False,
C1orf21,8,0.055996176,0.07761699,0.03119224078746915,0.578125,0.742545871559633,False,
PPP1R14A,8,0.09252396,0.110886775,0.02649193881601507,0.640625,0.7798913043478262,False,
RPS17,8,2.8243227,2.8465471,0.03206306956565514,0.640625,0.7798913043478262,False,
C10orf54,8,0.2675214,0.19659363,-0.10232716201710228,0.625,0.7798913043478262,False,
FYB,8,0.3392794,0.39898336,0.08613458697957303,0.625,0.7798913043478262,False,
MT-ATP6,8,3.463219,3.4931293,0.04315147899738386,0.640625,0.7798913043478262,False,
PTGDR,8,0.06436807,0.078704245,0.020682730333002476,0.640625,0.7798913043478262,False,
PLCB1,8,0.06467523,0.076425835,0.016952544873860626,0.6875,0.8297413793103448,False,
SLC30A9,8,0.070506305,0.06445845,-0.008725206575138549,0.7421875,0.8312499999999999,True,0.7421875
CD68,8,0.22452882,0.21739838,-0.010287056270033467,0.7421875,0.8312499999999999,False,
IGLV2-14,8,0.07654174,0.09596184,0.028017285193264355,0.7421875,0.8312499999999999,False,
SPON2,8,0.18482515,0.18278928,-0.002937141209266404,0.7421875,0.8312499999999999,False,
TOX,8,0.054916777,0.07244122,0.02528242782815965,0.7421875,0.8312499999999999,False,
HBA1,8,0.29250762,0.3292869,0.05306129132274976,0.7421875,0.8312499999999999,False,
FGFBP2,8,0.21218175,0.19852158,-0.019707448966706526,0.7421875,0.8312499999999999,False,
SLC30A1,8,0.018695045,0.020881224,0.0031539898341730477,0.7421875,0.8312499999999999,True,0.7421875
INPP4B,8,0.13842064,0.15332627,0.021504280707258436,0.7421875,0.8312499999999999,False,
TTC38,8,0.08464757,0.083501875,-0.001652893010695417,0.84375,0.9017175572519084,False,
KLRF1,8,0.12025074,0.13619159,0.022997788796266745,0.84375,0.9017175572519084,False,
PRKCA,8,0.09016748,0.089631826,-0.0007727825438206728,0.84375,0.9017175572519084,False,
PPP2R2B,8,0.03919822,0.046655387,0.01075841772038571,0.8125,0.9017175572519084,False,
HBA2,8,0.60581344,0.63503575,0.04215888112792916,0.84375,0.9017175572519084,False,
ZC3H12B,8,0.08237628,0.098778725,0.023663727118238897,0.84375,0.9017175572519084,False,
MT-ND4L,8,1.7962081,1.7814258,-0.02132636465494086,0.9453125,0.9803240740740741,False,
FOSB,8,0.046576377,0.059145167,0.018132931674683994,0.9453125,0.9803240740740741,False,
CISH,8,0.06950616,0.07910299,0.013845302073975226,0.9375,0.9803240740740741,False,
S1PR5,8,0.07868655,0.096092336,0.025111240597057084,0.9453125,0.9803240740740741,False,
NCOA4,8,0.21952093,0.21738249,-0.0030851107825024928,1.0,1.0,False,
MYOM2,8,0.08374857,0.093958996,0.014730529024713139,1.0,1.0,False,
IGKC,8,1.0500686,1.1849731,0.19462605865805688,1.0,1.0,False,
GZMH,8,0.21818565,0.24691719,0.04145085005215834,1.0,1.0,False,
BEX3,8,0.03981702,0.041784585,0.0028385951503220146,1.0,1.0,False,
