sample_id,dataset,expected_tissue,n_cells,n_genes_total,median_genes,median_counts,median_pct_mt,flag_cells,flag_genes,flag_counts,flag_mito,qc_overall
CSF_10,GSE133028,CSF,2692,38606,1424.0,3332.0,4.403101921081543,PASS,PASS,PASS,PASS,PASS
CSF_16,GSE133028,CSF,7092,38606,2118.0,5732.0,2.3132951259613037,PASS,PASS,PASS,PASS,PASS
CSF_18,GSE133028,CSF,7452,38606,1917.0,4426.5,2.8897972106933594,PASS,PASS,PASS,PASS,PASS
CSF_2,GSE133028,CSF,515,38606,1273.0,3563.0,4.156091213226318,PASS,PASS,PASS,PASS,PASS
CSF_21,GSE133028,CSF,5903,38606,1074.0,2145.0,3.7489349842071533,PASS,PASS,PASS,PASS,PASS
CSF_22,GSE133028,CSF,996,38606,1969.0,4833.5,4.755561828613281,PASS,PASS,PASS,PASS,PASS
CSF_24,GSE133028,CSF,4125,38606,1185.0,2477.0,3.4444026947021484,PASS,PASS,PASS,PASS,PASS
CSF_25,GSE133028,CSF,3333,38606,1130.0,2367.0,3.0963802337646484,PASS,PASS,PASS,PASS,PASS
CSF_27,GSE133028,CSF,3713,38606,1095.0,1797.0,4.6977763175964355,PASS,PASS,PASS,PASS,PASS
CSF_28,GSE133028,CSF,5781,38606,914.0,1755.0,3.995433807373047,PASS,PASS,PASS,PASS,PASS
CSF_29,GSE133028,CSF,5281,38606,615.0,1268.0,4.307692050933838,PASS,WARN,WARN,PASS,WARN
CSF_3,GSE133028,CSF,2321,38606,958.0,2088.0,4.345434665679932,PASS,PASS,PASS,PASS,PASS
CSF_31,GSE133028,CSF,5316,38606,1766.0,4393.0,4.1999664306640625,PASS,PASS,PASS,PASS,PASS
CSF_32,GSE133028,CSF,3973,38606,1388.0,3458.0,4.218600273132324,PASS,PASS,PASS,PASS,PASS
CSF_6,GSE133028,CSF,4606,38606,1714.5,3744.5,5.67539644241333,PASS,PASS,PASS,PASS,PASS
CSF_7,GSE133028,CSF,2498,38606,1703.0,3621.5,4.464407920837402,PASS,PASS,PASS,PASS,PASS
CSF_8,GSE133028,CSF,5014,38606,1161.0,2898.0,3.724245071411133,PASS,PASS,PASS,PASS,PASS
CSF_9,GSE133028,CSF,3172,38606,1587.0,3546.0,5.412449836730957,PASS,PASS,PASS,PASS,PASS
PB_10,GSE133028,PB,5756,38606,1696.0,4451.0,4.615926265716553,PASS,PASS,PASS,PASS,PASS
PB_16,GSE133028,PB,10138,38606,2293.0,6279.0,2.6051573753356934,PASS,PASS,PASS,PASS,PASS
PB_2,GSE133028,PB,5196,38606,1477.5,4400.5,5.24827241897583,PASS,PASS,PASS,PASS,PASS
PB_22,GSE133028,PB,6830,38606,2484.0,6858.5,3.4994146823883057,PASS,PASS,PASS,PASS,PASS
PB_24,GSE133028,PB,8807,38606,1757.0,4238.0,4.69003963470459,PASS,PASS,PASS,PASS,PASS
PB_25,GSE133028,PB,7027,38606,1309.0,3044.0,3.1119089126586914,PASS,PASS,PASS,PASS,PASS
PB_27,GSE133028,PB,4669,38606,1507.0,3878.0,3.823024034500122,PASS,PASS,PASS,PASS,PASS
PB_28,GSE133028,PB,6662,38606,1070.0,2215.5,4.273135185241699,PASS,PASS,PASS,PASS,PASS
PB_29,GSE133028,PB,6654,38606,1606.0,3573.0,4.487287521362305,PASS,PASS,PASS,PASS,PASS
PB_3,GSE133028,PB,6726,38606,1532.5,4311.0,4.908968925476074,PASS,PASS,PASS,PASS,PASS
PB_31,GSE133028,PB,9369,38606,1612.0,4207.0,4.626623630523682,PASS,PASS,PASS,PASS,PASS
PB_32,GSE133028,PB,5661,38606,1430.0,3379.0,4.938271522521973,PASS,PASS,PASS,PASS,PASS
PB_6,GSE133028,PB,10894,38606,1937.0,4542.5,3.781806468963623,PASS,PASS,PASS,PASS,PASS
PB_7,GSE133028,PB,6904,38606,1914.5,4872.0,5.705861568450928,PASS,PASS,PASS,PASS,PASS
PB_8,GSE133028,PB,6570,38606,891.0,2416.0,5.314780235290527,PASS,PASS,PASS,PASS,PASS
PB_9,GSE133028,PB,7917,38606,1066.0,2276.0,5.154901027679443,PASS,PASS,PASS,PASS,PASS
MS19270_CSF,GSE138266,CSF,4097,33694,994.0,3145.0,2.1983389854431152,PASS,PASS,PASS,PASS,PASS
MS19270_PB,GSE138266,PB,6089,33694,877.0,2682.0,3.5096640586853027,PASS,PASS,PASS,PASS,PASS
MS49131_CSF,GSE138266,CSF,1404,33694,986.0,2929.5,2.5970370769500732,PASS,PASS,PASS,PASS,PASS
MS49131_PB,GSE138266,PB,5146,33694,1032.0,3182.5,3.0634193420410156,PASS,PASS,PASS,PASS,PASS
MS58637_CSF,GSE138266,CSF,2425,33694,755.0,1735.0,1.6753321886062622,PASS,PASS,PASS,PASS,PASS
MS60249_CSF,GSE138266,CSF,7494,33694,825.0,1811.0,2.4264538288116455,PASS,PASS,PASS,PASS,PASS
MS60249_PB,GSE138266,PB,3226,33694,930.5,2494.0,3.269488573074341,PASS,PASS,PASS,PASS,PASS
MS71658_CSF,GSE138266,CSF,3004,33694,987.0,3009.0,1.7332388162612915,PASS,PASS,PASS,PASS,PASS
MS71658_PB,GSE138266,PB,3340,33694,1044.0,3464.0,4.499710559844971,PASS,PASS,PASS,PASS,PASS
MS74594_CSF,GSE138266,CSF,872,33694,1288.0,4469.0,3.876910924911499,PASS,PASS,PASS,PASS,PASS
MS74594_PB,GSE138266,PB,7740,33694,1059.0,3634.5,4.250715255737305,PASS,PASS,PASS,PASS,PASS
PST45044_CSF,GSE138266,CSF,8127,33694,920.0,3066.0,1.7653167247772217,PASS,PASS,PASS,PASS,PASS
PST83775_CSF,GSE138266,CSF,1311,33694,1084.0,3618.0,1.8028687238693237,PASS,PASS,PASS,PASS,PASS
PST83775_PB,GSE138266,PB,3316,33694,1035.0,3714.0,3.283100128173828,PASS,PASS,PASS,PASS,PASS
PST95809_CSF,GSE138266,CSF,702,33694,792.5,2295.5,2.321246862411499,PASS,PASS,PASS,PASS,PASS
PST95809_PB,GSE138266,PB,1733,33694,721.0,2420.0,3.3149170875549316,PASS,WARN,PASS,PASS,WARN
PTC32190_CSF,GSE138266,CSF,3493,33694,928.0,3098.0,2.3567006587982178,PASS,PASS,PASS,PASS,PASS
PTC32190_PB,GSE138266,PB,3895,33694,692.0,2578.0,3.5914177894592285,PASS,WARN,PASS,PASS,WARN
PTC41540_CSF,GSE138266,CSF,1077,33694,934.0,3521.0,2.1414856910705566,PASS,PASS,PASS,PASS,PASS
PTC41540_PB,GSE138266,PB,5146,33694,853.0,3253.0,4.356468200683594,PASS,PASS,PASS,PASS,PASS
PTC85037_CSF,GSE138266,CSF,1070,33694,903.5,3335.0,2.690199375152588,PASS,PASS,PASS,PASS,PASS
PTC85037_PB,GSE138266,PB,1497,33694,845.0,3059.0,3.631472587585449,PASS,PASS,PASS,PASS,PASS
