gene,n_pairs,mean_PB,mean_CSF,log2FC,pvalue,padj,is_zinc,padj_zinc_panel
GZMB,18,0.21863554,0.041283473,-0.25586495304668233,7.6293945e-06,6.545217413651316e-05,False,
GNLY,18,0.47435412,0.13852489,-0.48449916205599003,7.6293945e-06,6.545217413651316e-05,False,
DUSP6,18,0.15946065,0.028783865,-0.1885267369408701,7.6293945e-06,6.545217413651316e-05,False,
RGS18,18,0.14801228,0.027576856,-0.17375158916717373,7.6293945e-06,6.545217413651316e-05,False,
TCF7L2,18,0.18766552,0.019637944,-0.24241255608751888,7.6293945e-06,6.545217413651316e-05,False,
TBXAS1,18,0.26728258,0.10414326,-0.23536027850190125,7.6293945e-06,6.545217413651316e-05,False,
IL4R,18,0.50832534,0.15805173,-0.5053379988913975,7.6293945e-06,6.545217413651316e-05,False,
CFD,18,0.2784312,0.06267487,-0.3112705828790058,7.6293945e-06,6.545217413651316e-05,False,
FCGR3A,18,0.36582252,0.033867963,-0.47890920995499614,7.6293945e-06,6.545217413651316e-05,False,
TIGIT,18,0.07807191,0.22314018,0.2092892779727886,7.6293945e-06,6.545217413651316e-05,False,
FCRL5,18,0.15057315,0.03850043,-0.1616867589840871,7.6293945e-06,6.545217413651316e-05,False,
DMXL2,18,0.12714264,0.022323081,-0.15122265732390605,7.6293945e-06,6.545217413651316e-05,False,
LILRA5,18,0.121961035,0.008930441,-0.16306868257943247,7.6293945e-06,6.545217413651316e-05,False,
NRGN,18,0.14736663,0.0075746668,-0.20167717536078117,7.6293945e-06,6.545217413651316e-05,False,
PPM1L,18,0.13878426,0.04633716,-0.13337297570073525,7.6293945e-06,6.545217413651316e-05,False,
STEAP1B,18,0.15358715,0.022557607,-0.18903567660043585,7.6293945e-06,6.545217413651316e-05,False,
RGS1,18,0.025795527,0.16114162,0.19526312539251545,7.6293945e-06,6.545217413651316e-05,False,
GZMK,18,0.15038188,0.54678166,0.5718840199116729,7.6293945e-06,6.545217413651316e-05,False,
FHIT,18,0.31759286,0.19367899,-0.17876992468127803,7.6293945e-06,6.545217413651316e-05,False,
FCN1,18,0.36099276,0.034657214,-0.47080267871958953,1.5258789e-05,7.106236049107142e-05,False,
PF4,18,0.1535172,0.00036119216,-0.2209574194227445,1.5258789e-05,7.106236049107142e-05,False,
S100A8,18,0.44174245,0.032167036,-0.5908924023982849,1.5258789e-05,7.106236049107142e-05,False,
PCDH9,18,0.16882914,0.023153516,-0.21016550808110324,1.5258789e-05,7.106236049107142e-05,False,
S100A9,18,0.5376154,0.030517522,-0.7315876254508297,1.5258789e-05,7.106236049107142e-05,False,
FCRL1,18,0.5112496,0.064735994,-0.6441829465946348,1.5258789e-05,7.106236049107142e-05,False,
IGHD,18,0.5804854,0.051667854,-0.7629224344814062,1.5258789e-05,7.106236049107142e-05,False,
IGHM,18,0.9839681,0.24891795,-1.060453194395994,1.5258789e-05,7.106236049107142e-05,False,
IGLC2,18,0.43950742,0.16036434,-0.4027183588786717,1.5258789e-05,7.106236049107142e-05,False,
MT1X,18,0.12149223,0.20669585,0.1229228476309368,1.5258789e-05,7.106236049107142e-05,True,0.000213623046875
LILRB2,18,0.16291912,0.024072293,-0.20031363241124675,1.5258789e-05,7.106236049107142e-05,False,
IGLC3,18,0.2998625,0.06945346,-0.33240998089462737,1.5258789e-05,7.106236049107142e-05,False,
IRAK3,18,0.1530896,0.033202883,-0.17295996377416792,1.5258789e-05,7.106236049107142e-05,False,
SERPINA1,18,0.2962194,0.07057916,-0.325530072920837,1.5258789e-05,7.106236049107142e-05,False,
DUSP2,18,0.17319852,0.38874015,0.31096084212480185,1.5258789e-05,7.106236049107142e-05,False,
VCAN,18,0.22446898,0.022562234,-0.29128985348007824,1.5258789e-05,7.106236049107142e-05,False,
FGFBP2,18,0.19661868,0.014082685,-0.2633437691042711,2.2888184e-05,0.00010363260904947917,False,
CD74,18,3.1975787,2.0782468,-1.614854489916859,3.8146973e-05,0.000144603640534157,False,
HLA-DRA,18,2.2103198,1.0975837,-1.6053388618272708,3.8146973e-05,0.000144603640534157,False,
LST1,18,0.5075461,0.17831033,-0.4749868446324308,3.8146973e-05,0.000144603640534157,False,
COL19A1,18,0.31118667,0.037326917,-0.395096087792432,3.8146973e-05,0.000144603640534157,False,
MAP3K7CL,18,0.12978564,0.041236155,-0.1277499061905346,3.8146973e-05,0.000144603640534157,False,
MS4A7,18,0.24454546,0.05213604,-0.2775881246728264,3.8146973e-05,0.000144603640534157,False,
PAX5,18,0.46337032,0.117188096,-0.49943538233113505,3.8146973e-05,0.000144603640534157,False,
MEF2C-AS1,18,0.12250677,0.05148978,-0.10245584803561036,5.340576e-05,0.00018924215565557066,False,
ITM2C,18,0.16007149,0.24685857,0.12520728243343182,5.340576e-05,0.00018924215565557066,False,
ACTN1,18,0.15659015,0.081662945,-0.10809710471113974,5.340576e-05,0.00018924215565557066,False,
FOS,18,0.4549145,0.17811957,-0.3993306876176388,7.6293945e-05,0.0002590815226236979,False,
NCOA4,18,0.2954762,0.18432719,-0.16035412991604525,7.6293945e-05,0.0002590815226236979,False,
MNDA,18,0.26543593,0.08592482,-0.25897979532995274,0.00010681152,0.00033481304462139425,False,
SPON2,18,0.17248884,0.06841545,-0.15014616416757734,0.00010681152,0.00033481304462139425,False,
EBF1,18,0.35984126,0.15250021,-0.2991298975979729,0.00010681152,0.00033481304462139425,False,
CSTA,18,0.1813342,0.04108189,-0.20234130786491927,0.00010681152,0.00033481304462139425,False,
KLRD1,18,0.22422235,0.08953013,-0.19431980055253295,0.0001449585,0.00044581575213738207,False,
AIF1,18,0.5101516,0.1866035,-0.4667812943857899,0.00019073486,0.0005551746913364955,False,
GZMA,18,0.37348625,0.6146507,0.3479267931012539,0.00019073486,0.0005551746913364955,False,
CST7,18,0.37347302,0.60213864,0.32989475612359015,0.00019073486,0.0005551746913364955,False,
IFITM3,18,0.46773836,0.25255275,-0.31044721593800007,0.00025177002,0.0007075605721309267,False,
KHDRBS2,18,0.25807744,0.06718302,-0.2754024401586737,0.00025177002,0.0007075605721309267,False,
PPBP,18,0.2475932,9.701823e-05,-0.3570615011170125,0.00029305238,0.0008096192786825221,False,
MT1E,18,0.029137608,0.06779242,0.055767110492147845,0.0004196167,0.0010522695688100962,True,0.00293731689453125
TOX,18,0.13794774,0.2720913,0.19352825040193686,0.0004196167,0.0010522695688100962,False,
HMOX1,18,0.12724389,0.044026412,-0.12005744468491156,0.0004196167,0.0010522695688100962,False,
ST6GALNAC3,18,0.15257248,0.048784133,-0.149734932151533,0.0004196167,0.0010522695688100962,False,
RPS17,18,2.260558,1.888016,-0.5374643580725702,0.0004196167,0.0010522695688100962,False,
INPP4B,18,0.33333105,0.69430804,0.5207797191730911,0.0004196167,0.0010522695688100962,False,
PIP5K1B,18,0.16835791,0.06925208,-0.1429794858723889,0.0005340576,0.0012992745015158581,False,
CMC1,18,0.25310624,0.34684643,0.13523851451030686,0.0005340576,0.0012992745015158581,False,
MYO1E,18,0.111916356,0.056121793,-0.08049453955705754,0.0006713867,0.001541352607834507,False,
LYZ,18,0.570267,0.19450189,-0.5421145109779242,0.0006713867,0.001541352607834507,False,
GAS7,18,0.15341683,0.056870177,-0.13928737307258182,0.0006713867,0.001541352607834507,False,
RUFY1,18,0.17062324,0.12558122,-0.06498190330417226,0.0006713867,0.001541352607834507,False,
CSF3R,18,0.13325877,0.04882194,-0.12181660147600883,0.0008392334,0.0018739047115796232,False,
MCTP1,18,0.13580698,0.04194182,-0.1354187953240738,0.0008392334,0.0018739047115796232,False,
RUNX2,18,0.11615793,0.19781516,0.1178064927547564,0.001045227,0.002241736964175576,False,
XBP1,18,0.3549913,0.53634197,0.26163372410891084,0.001045227,0.002241736964175576,False,
MYO1D,18,0.09211549,0.14756696,0.07999955736450086,0.001045227,0.002241736964175576,False,
C5AR1,18,0.11634196,0.034430843,-0.11817276205651579,0.0012893677,0.002694447835286458,False,
CDK14,18,0.31089592,0.14026454,-0.24616904414332705,0.0012893677,0.002694447835286458,False,
LIX1-AS1,18,0.22752264,0.019907637,-0.299525135227487,0.0014737805,0.0030028277455130593,False,
PRKN,18,0.16488466,0.10124246,-0.09181628107588653,0.0014737805,0.0030028277455130593,False,
SLC8A1,18,0.18648893,0.07596625,-0.15945052231949638,0.0015792847,0.00313930976681593,False,
CCSER1,18,0.22342497,0.10024816,-0.17770657744882465,0.0015792847,0.00313930976681593,False,
LARGE1,18,0.2040829,0.056878526,-0.21237103509359925,0.0018714329,0.0035887477508581736,False,
NIBAN3,18,0.46788704,0.10823428,-0.5188692498959816,0.0018714329,0.0035887477508581736,False,
ADAM7-AS1,18,0.16503209,0.053369466,-0.16109511716728767,0.0018714329,0.0035887477508581736,False,
STMN1,18,0.16719538,0.13374388,-0.048260309632589024,0.0019302368,0.003658472105514172,False,
CD68,18,0.25229827,0.13101834,-0.17496994651263292,0.0023345947,0.004374010809536638,False,
LINC01934,18,0.14289512,0.32635996,0.26468381492413134,0.0023655759,0.0043816916692197665,False,
KCNQ5,18,0.2657181,0.17666344,-0.12847871492031282,0.0028076172,0.005084906684027777,False,
NAMPT,18,0.28286517,0.12544452,-0.2271099912682047,0.0028076172,0.005084906684027777,False,
SLC38A4-AS1,18,0.15261362,0.08021521,-0.104448836738387,0.0029766362,0.005331776874999587,False,
OSBPL10,18,0.3773936,0.19450513,-0.26385230030504103,0.003364563,0.005712747573852539,False,
MT1F,18,0.064792655,0.09803357,0.04795650227983988,0.003364563,0.005712747573852539,True,0.014019012451171875
IGKC,18,0.90997696,0.5994384,-0.44801239774050444,0.003364563,0.005712747573852539,False,
JCHAIN,18,0.34666628,0.21420649,-0.19109908144982513,0.003364563,0.005712747573852539,False,
IFI30,18,0.52289695,0.2906906,-0.3350029418238546,0.003364563,0.005712747573852539,False,
SLC39A9,18,0.11324322,0.08790028,-0.03656213571222621,0.004005432,0.006662096296037947,True,0.014019012451171875
GZMH,18,0.20627093,0.108726114,-0.14072742680391884,0.004005432,0.006662096296037947,False,
CISH,18,0.105454735,0.24380411,0.1995959703070276,0.0047454834,0.007813270645912246,False,
ENSG00000287092,18,0.19946879,0.100459166,-0.14284069587314263,0.005771587,0.0094076870335266,False,
LINC02964,18,0.057132825,0.14872795,0.1321438371928501,0.0071324133,0.011510726465557767,False,
SLC39A11,18,0.20932555,0.13249484,-0.11084329143337004,0.008964539,0.014186599879588896,True,0.0251007080078125
IGHG1,18,0.11569864,0.27484384,0.22959799978474285,0.008964539,0.014186599879588896,False,
PLD4,18,0.13255921,0.09866821,-0.048894377419573164,0.010406494,0.01615484328497024,False,
FOSB,18,0.13455006,0.032600097,-0.14708271245016788,0.010406494,0.01615484328497024,False,
MT2A,18,0.38610232,0.4806225,0.13636379699490223,0.012031555,0.018328443865909753,True,0.028073628743489586
PRF1,18,0.29284248,0.18905133,-0.14973897374382827,0.012031555,0.018328443865909753,False,
MT-CYB,18,3.5245323,3.2744806,-0.3607484006927153,0.013870239,0.02074173393599484,False,
AUTS2,18,0.3073417,0.20287639,-0.15071157863012016,0.013870239,0.02074173393599484,False,
HLA-DQA2,18,0.269845,0.14170581,-0.1848657852476162,0.014772351,0.021889938151633197,False,
HBB,18,0.4125663,0.13299078,-0.40334222594467656,0.018234253,0.026071782697711075,False,
SLC39A10,18,0.20076507,0.24498643,0.06379793173996996,0.018234253,0.026071782697711075,True,0.036468505859375
PLXDC2,18,0.2218046,0.12019655,-0.1465894339607463,0.018234253,0.026071782697711075,False,
PLCB1,18,0.22908777,0.15610388,-0.10529349728135264,0.018234253,0.026071782697711075,False,
PDE4D,18,0.38799724,0.2620812,-0.18165843779601296,0.023674011,0.033555337657099185,False,
FTL,18,3.0570295,2.8856559,-0.24723985112326163,0.02684784,0.0377258432322535,False,
CCL4,18,0.15264878,0.23387861,0.11718988120683484,0.038490295,0.05362323206714076,False,
AES,18,0.21015903,0.25263578,0.06128098714242412,0.043114435,0.05863533020019532,False,
C9orf142,18,0.08404454,0.14750248,0.09155046039114671,0.043114435,0.05863533020019532,False,
RPL27A,18,2.6948009,2.5048804,-0.2739972559097991,0.043167114,0.05863533020019532,False,
SLC26A3,18,0.42400244,0.5634616,0.20119704279523493,0.055532977,0.0748088863516642,False,
CST3,18,0.56619364,0.37745714,-0.27228921021275515,0.059936523,0.0781572265625,False,
NELL2,18,0.15327564,0.17971843,0.0381488906447492,0.059936523,0.0781572265625,False,
IGHG3,18,0.09254003,0.17837419,0.12383250686701291,0.059936523,0.0781572265625,False,
PLAUR,18,0.118521005,0.092230186,-0.03792963426273048,0.059936523,0.0781572265625,False,
CD8B,18,0.1845416,0.24202684,0.0829336673795458,0.06653595,0.08607428414481028,False,
H2AC6,18,0.13837117,0.1080386,-0.04376065229565561,0.086860076,0.11148182930439475,False,
MT-ND4L,18,2.3727674,2.4257545,0.07644422451670808,0.098739624,0.1257387399673462,False,
ZC3H12B,18,0.26999366,0.23159796,-0.05539329007712401,0.102434374,0.12943258159613424,False,
SLC39A7,18,0.07709863,0.06055034,-0.023874137142653865,0.10838318,0.134858459006739,True,0.18967056274414062
NUDT1,18,0.14674161,0.1333977,-0.01925120049179885,0.10838318,0.134858459006739,False,
LRMDA,18,0.13974132,0.08523513,-0.07863581018556853,0.11585149,0.14305903898044067,False,
TTN,18,0.13358706,0.11350409,-0.028973605472302683,0.12973785,0.15781544927340835,False,
TSHZ2,18,0.17970297,0.2282216,0.06999758383610385,0.12973785,0.15781544927340835,False,
ENSG00000282885,18,0.18872401,0.24085954,0.07521566645026961,0.13295728,0.16053360435697767,False,
FYB,18,0.16100423,0.22114985,0.08677178270101975,0.13801073,0.16540991350570147,False,
MT-ATP6,18,3.3720717,3.1364555,-0.33992233356913437,0.1540451,0.18327994242201756,False,
MZB1,18,0.1567244,0.14870651,-0.01156735961655029,0.21214294,0.2469949994768415,False,
SLC30A9,18,0.16486321,0.14321582,-0.031230587544153716,0.21214294,0.2469949994768415,True,0.2970001220703125
SLC39A1,18,0.10024103,0.08709844,-0.01896074329232293,0.21214294,0.2469949994768415,True,0.2970001220703125
TMSB4X,18,4.2038736,4.2573757,0.07718718956843541,0.26452637,0.3057999847628546,False,
NKG7,18,0.60290766,0.5181978,-0.12221052773781009,0.28372955,0.3256895575724857,False,
RHOB,18,0.15651625,0.15366922,-0.004107397157062385,0.32472992,0.3701466913823481,False,
CD8A,18,0.20023184,0.23213942,0.04603291932560208,0.39273834,0.44149206753434805,False,
CEBPD,18,0.13125652,0.12660429,-0.006711751936909254,0.39273834,0.44149206753434805,False,
SLC39A4,18,0.060430117,0.056583688,-0.0055492244594864204,0.46829224,0.5192628198740433,True,0.59600830078125
HOPX,18,0.25807762,0.2799379,0.03153770556293198,0.46829224,0.5192628198740433,False,
PLCL1,18,0.13290218,0.14131013,0.012130108348004756,0.5508728,0.6026326633939807,False,
IFNG-AS1,18,0.25996682,0.29351616,0.048401464393284674,0.5508728,0.6026326633939807,False,
PITPNA,18,0.124064736,0.11497545,-0.01311306444009546,0.5798416,0.6300945536295572,False,
MAN1A1,18,0.14162186,0.13483329,-0.00979383152519029,0.6094589,0.6578927450622154,False,
SLC39A6,18,0.07462949,0.08147211,0.009871804159525216,0.6396942,0.6770789406516335,True,0.6889014610877403
SLC30A1,18,0.020246876,0.022875942,0.0037929403161043383,0.6396942,0.6770789406516335,True,0.6889014610877403
MT-ND3,18,3.6625795,3.4735796,-0.2726692058798365,0.6396942,0.6770789406516335,False,
TALAM1,18,1.0408123,1.0099728,-0.0444919117782086,0.7531524,0.7920247508633522,False,
SLC39A14,18,0.008477297,0.008414052,-9.124217074055945e-05,0.79870605,0.834545428936298,True,0.7987060546875
ENSG00000289901,18,0.9075559,0.8807747,-0.038637106394886,0.80676633,0.8375981655090478,False,
FTH1,18,2.8746035,2.8974962,0.03302720430639205,0.8317261,0.8580465196054193,False,
HMHA1,18,0.12237247,0.12065799,-0.0024734759825402715,0.8927384,0.909737249338849,False,
CTSW,18,0.39092004,0.40280047,0.017139833980650224,0.8985748,0.909737249338849,False,
PRKCA,18,0.27210084,0.279574,0.010781506391264042,0.8985748,0.909737249338849,False,
IGHA1,18,0.20378438,0.19570476,-0.011656425131865865,0.9322815,0.9380363181785301,False,
IRF7,18,0.20917968,0.20809004,-0.0015720289180428603,0.96611786,0.9661178588867188,False,
