tissue,condition,group_label,subject_id,cell_id,zinc_signature
CSF,HC,HC,2,AACGTTGAGATAGCAT-1,0.027962866245054476
CSF,HC,HC,2,AGGCCACTCCAACCAA-1,0.5477981875289599
CSF,HC,HC,2,ATCACGAGTTTGACAC-1,-0.1904379402016318
CSF,HC,HC,2,ATCATCTCATAGAAAC-1,0.15589913913960698
CSF,HC,HC,2,CAACCAAGTCTCAACA-1,-0.02075810712136626
CSF,HC,HC,2,CAAGGCCGTTCGTCTC-1,-0.30405527223520673
CSF,HC,HC,2,CACAGTACAGATGGCA-1,-0.30405527223520673
CSF,HC,HC,2,CAGCTGGTCAAGAAGT-1,-0.30405527223520673
CSF,HC,HC,2,CTAGAGTAGAAACCAT-1,-0.062114891194118615
CSF,HC,HC,2,CTAGAGTGTTGAGGTG-1,0.06217434290489781
CSF,HC,HC,2,CTGGTCTGTAGTGAAT-1,0.038740609248297316
CSF,HC,HC,2,GACCAATAGCGATGAC-1,-0.09574549935749337
CSF,HC,HC,2,GACGTGCCAGCCACCA-1,-0.10556575149693524
CSF,HC,HC,2,GACGTGCTCTCGGACG-1,-0.30405527223520673
CSF,HC,HC,2,GGTGCGTCACTGCCAG-1,0.22425731979554556
CSF,HC,HC,2,GTAACGTCAAAGGAAG-1,-0.30405527223520673
CSF,HC,HC,2,GTAGGCCCACTTCTGC-1,0.3078150331104927
CSF,HC,HC,2,GTCATTTCACCGTTGG-1,0.5102671840318154
CSF,HC,HC,2,GTGCTTCAGGTGCACA-1,0.42001821489941255
CSF,HC,HC,2,TAGAGCTAGGCTCTTA-1,0.01791432102692809
CSF,HC,HC,2,TCAGATGGTAGCCTCG-1,-0.10378870254129847
CSF,HC,HC,2,TCAGCTCAGAGCTGCA-1,0.1634941427042333
CSF,HC,HC,2,TCGGGACAGGAATTAC-1,-0.30405527223520673
CSF,HC,HC,2,TGGCCAGCATCCCATC-1,-0.091347555680923
CSF,HC,HC,2,TGTGTTTTCTTTAGGG-1,-0.06226764344575991
CSF,HC,HC,2,TTGACTTTCGAATCCA-1,-0.30405527223520673
CSF,HC,HC,3,AACCATGAGTGACATA-1,-0.30405527223520673
CSF,HC,HC,3,ACATGGTCACGACTCG-1,-0.11687896618790536
CSF,HC,HC,3,ACTTACTTCGAGCCCA-1,-0.30405527223520673
CSF,HC,HC,3,AGATTGCCATTGGTAC-1,-0.30405527223520673
CSF,HC,HC,3,AGCTCTCAGGATGGTC-1,-0.30405527223520673
CSF,HC,HC,3,CACAGGCCACACGCTG-1,-0.30405527223520673
CSF,HC,HC,3,CATATTCCATGCAACT-1,-0.30405527223520673
CSF,HC,HC,3,CATCGAATCTGCGACG-1,0.48833810600180977
CSF,HC,HC,3,CCGGGATTCATAAAGG-1,-0.0656120884592494
CSF,HC,HC,3,CCTTCCCAGGTGTGGT-1,0.3850929799802664
CSF,HC,HC,3,CGAGCACAGCCCAATT-1,-0.009723082672814156
CSF,HC,HC,3,CGATTGACAGGACCCT-1,-0.11643931667753822
CSF,HC,HC,3,CGCCAAGCACAAGTAA-1,-0.30405527223520673
CSF,HC,HC,3,CGGTTAAGTAGATTAG-1,-0.30405527223520673
CSF,HC,HC,3,CTCGTACCAGTCGATT-1,-0.30405527223520673
CSF,HC,HC,3,CTCTACGTCCAAACAC-1,-0.30405527223520673
CSF,HC,HC,3,CTGAAGTAGCTTTGGT-1,-0.30405527223520673
CSF,HC,HC,3,CTTACCGGTCCAACTA-1,-0.30405527223520673
CSF,HC,HC,3,GACGCGTGTTGGGACA-1,-0.30405527223520673
CSF,HC,HC,3,GCTGCAGAGTTTAGGA-1,-0.30405527223520673
CSF,HC,HC,3,GCTGCAGTCCTTAATC-1,-0.30405527223520673
CSF,HC,HC,3,GCTGCGAGTGCTTCTC-1,-0.30405527223520673
CSF,HC,HC,3,GGCAATTAGCCTATGT-1,0.34101011476925847
CSF,HC,HC,3,GGCAATTTCAGGCCCA-1,0.06503068992701469
CSF,HC,HC,3,GGCCGATCAAATTGCC-1,0.4929304913428016
CSF,HC,HC,3,GGTGCGTAGAGGGATA-1,1.2300057546214247
CSF,HC,HC,3,TACGGGCTCGTCGTTC-1,-0.06190064388431214
CSF,HC,HC,3,TAGTTGGCACATTTCT-1,0.0865935325357967
CSF,HC,HC,3,TCACAAGGTCATTAGC-1,0.055022822830768016
CSF,HC,HC,3,TCATTACAGGTGCAAC-1,-0.30405527223520673
CSF,HC,HC,3,TCTCTAACAATGAAAC-1,-0.18683939195535387
CSF,HC,HC,3,TCTTTCCAGCCGTCGT-1,-0.14339483590043978
CSF,HC,HC,3,TGACTAGAGCTGATAA-1,-0.30405527223520673
CSF,HC,HC,3,TGCGCAGGTAGCTAAA-1,-0.30405527223520673
CSF,HC,HC,3,TGCTGCTGTCTCGTTC-1,-0.30405527223520673
CSF,HC,HC,3,TTGACTTGTAGCTCCG-1,0.022898256396133854
CSF,HC,HC,3,TTTGTCATCTACCAGA-1,-0.10574148956882391
CSF,HC,HC,32,AAACCTGAGAAACCGC-1,0.5093895996075565
CSF,HC,HC,32,AAAGTAGGTACAGACG-1,0.47350197083597806
CSF,HC,HC,32,AACTCTTGTGTATGGG-1,-0.30405527223520673
CSF,HC,HC,32,AAGGCAGAGTGTACGG-1,0.2624380805719481
CSF,HC,HC,32,AAGGTTCCATGCGCAC-1,0.18565578872516644
CSF,HC,HC,32,ACAGCCGTCGTGGGAA-1,0.3323182934995935
CSF,HC,HC,32,ACAGCTAGTTCGCGAC-1,0.2657327837597156
CSF,HC,HC,32,ACCGTAAAGGAGTTGC-1,-0.12691582256115408
CSF,HC,HC,32,ACGATGTCAAGGGTCA-1,-0.14691593329072875
CSF,HC,HC,32,ACGGGCTTCCCAAGAT-1,0.5478898122409154
CSF,HC,HC,32,ACGGGCTTCGGAAACG-1,0.33762186270325995
CSF,HC,HC,32,ACTGAACTCGTCCAGG-1,0.6806469090093387
CSF,HC,HC,32,ACTGAGTTCTGTGCAA-1,0.1002675009595277
CSF,HC,HC,32,AGAATAGCACTAAGTC-1,0.4107622293856034
CSF,HC,HC,32,AGATTGCCACACATGT-1,-0.30405527223520673
CSF,HC,HC,32,AGCCTAAGTATAAACG-1,0.4329974124682097
CSF,HC,HC,32,AGGCCACCACACATGT-1,-0.17305474085052555
CSF,HC,HC,32,AGTGAGGCACACAGAG-1,-0.1392948284459494
CSF,HC,HC,32,AGTGGGAAGGCTCTTA-1,0.04362405909524837
CSF,HC,HC,32,AGTTGGTGTATTCGTG-1,0.5303262180144166
CSF,HC,HC,32,ATGCGATGTTCGGGCT-1,0.46624316689080636
CSF,HC,HC,32,ATGGGAGTCTGTGCAA-1,0.006929357559435324
CSF,HC,HC,32,ATTATCCCAATCGAAA-1,-0.06732153973061486
CSF,HC,HC,32,ATTCTACAGGCCCTTG-1,0.1819886256605927
CSF,HC,HC,32,CAAGGCCGTAACGCGA-1,0.032792253047660806
CSF,HC,HC,32,CACACTCCATAGACTC-1,-0.06573348685090923
CSF,HC,HC,32,CACAGGCCAAGGACAC-1,0.4190692274185497
CSF,HC,HC,32,CACCACTGTTCCAACA-1,-0.05611856383383892
CSF,HC,HC,32,CAGAATCAGGCCCTTG-1,0.05769174834178504
CSF,HC,HC,32,CAGAATCAGGCGACAT-1,-0.30405527223520673
CSF,HC,HC,32,CAGATCATCATCTGCC-1,0.41085107203148785
CSF,HC,HC,32,CATCCACCAGATGAGC-1,-0.1716489268545089
CSF,HC,HC,32,CATTCGCAGCTAGCCC-1,0.2134255364203958
CSF,HC,HC,32,CCCAGTTGTGACTACT-1,0.4291456495686924
CSF,HC,HC,32,CCCTCCTAGGACTGGT-1,0.17334834781899364
CSF,HC,HC,32,CCCTCCTTCGCCTGTT-1,-0.09265360116829686
CSF,HC,HC,32,CCTATTATCCGCATCT-1,-0.11859282725180907
CSF,HC,HC,32,CCTCTGACAATGTTGC-1,0.6949675770773363
CSF,HC,HC,32,CCTTCCCTCCCAACGG-1,0.6833556247865734
CSF,HC,HC,32,CGAACATAGCGCCTTG-1,-0.30405527223520673
CSF,HC,HC,32,CGAGCACAGTCAAGCG-1,0.07402002520990993
CSF,HC,HC,32,CGAGCACTCTGAAAGA-1,0.9980546696809268
CSF,HC,HC,32,CGATTGAAGCGATATA-1,0.10607098562284735
CSF,HC,HC,32,CGCCAAGGTAATAGCA-1,0.025778286717791636
CSF,HC,HC,32,CGTAGCGCACGGTGTC-1,-0.30405527223520673
CSF,HC,HC,32,CGTCACTGTACGAAAT-1,-0.06571879431105107
CSF,HC,HC,32,CGTCACTGTATGGTTC-1,0.5348798055801013
CSF,HC,HC,32,CGTCCATTCCTCGCAT-1,-0.07798188514662993
CSF,HC,HC,32,CGTTCTGCATGATCCA-1,0.40829918552630984
CSF,HC,HC,32,CTAAGACGTTGGAGGT-1,0.11774790919173232
CSF,HC,HC,32,CTACATTAGCTAACTC-1,0.7728887310602871
CSF,HC,HC,32,CTACATTTCTGCGACG-1,0.09962010852755697
CSF,HC,HC,32,CTAGAGTTCTTGTCAT-1,-0.02593052223101843
CSF,HC,HC,32,CTCAGAATCTCACATT-1,0.45711980901433785
CSF,HC,HC,32,CTCTGGTTCGTACCGG-1,0.22695890028014512
CSF,HC,HC,32,CTGCTGTTCCACGCAG-1,0.3391484954599259
CSF,HC,HC,32,CTGTGCTCAGGCTCAC-1,0.4502143332316445
CSF,HC,HC,32,CTGTTTACATGCATGT-1,0.36789510012448534
CSF,HC,HC,32,CTTGGCTAGTTAACGA-1,0.4704307655601853
CSF,HC,HC,32,GAACGGACAACGATCT-1,0.32208544947814427
CSF,HC,HC,32,GAAGCAGGTATAATGG-1,0.2947364466092996
CSF,HC,HC,32,GACCAATTCCGCTGTT-1,0.04459946931274398
CSF,HC,HC,32,GACTGCGCAGCTTCGG-1,0.019130125404236753
CSF,HC,HC,32,GAGTCCGTCCAATGGT-1,0.3155302438813112
CSF,HC,HC,32,GATCGATAGTAATCCC-1,-0.1646229944324112
CSF,HC,HC,32,GATCGATCACATAACC-1,0.00909624344294754
CSF,HC,HC,32,GCACATAAGAACAATC-1,0.036965500792245
CSF,HC,HC,32,GCATGCGGTAATTGGA-1,0.21913439176462207
CSF,HC,HC,32,GCGCAACTCCATGAGT-1,-0.17743049437858435
CSF,HC,HC,32,GGAATAAGTTCGAATC-1,0.2609749279159335
CSF,HC,HC,32,GGATTACTCTTTACGT-1,1.166849475090735
CSF,HC,HC,32,GGCCGATCACTCAGGC-1,0.10129832696233212
CSF,HC,HC,32,GGGACCTAGTAGCGGT-1,0.8997299101950141
CSF,HC,HC,32,GTAACGTTCCGAAGAG-1,-0.15262151785624592
CSF,HC,HC,32,GTAACTGAGCCCGAAA-1,0.3388316161414127
CSF,HC,HC,32,GTATCTTAGGTGGGTT-1,0.3698877035668135
CSF,HC,HC,32,GTATCTTAGTGGGATC-1,-0.1706083857140174
CSF,HC,HC,32,GTCACAAAGGGCTCTC-1,0.3660161144911219
CSF,HC,HC,32,GTCACGGTCAGGATCT-1,0.004596080428788452
CSF,HC,HC,32,GTCCTCAAGAATCTCC-1,0.18326594922703812
CSF,HC,HC,32,GTTTCTATCCACGTTC-1,0.3921709847186747
CSF,HC,HC,32,TACACGACATGGATGG-1,-0.30405527223520673
CSF,HC,HC,32,TACACGATCACTTCAT-1,-0.08164851375837578
CSF,HC,HC,32,TACTCATCAAGGGTCA-1,-0.30405527223520673
CSF,HC,HC,32,TACTTACCACCATCCT-1,-0.13893078946154222
CSF,HC,HC,32,TAGTTGGGTTAGGGTG-1,0.05947469163544529
CSF,HC,HC,32,TATCAGGGTACGCACC-1,-0.30405527223520673
CSF,HC,HC,32,TCAATCTAGGATGTAT-1,-0.04107397174593708
CSF,HC,HC,32,TCAATCTCATTACGAC-1,0.015970385916008856
CSF,HC,HC,32,TCACGAAGTGTTTGGT-1,0.8576452111767126
CSF,HC,HC,32,TCAGCTCAGGCACATG-1,0.553804725216089
CSF,HC,HC,32,TCAGGTAAGGGAACGG-1,-0.09852221075024316
CSF,HC,HC,32,TCCACACAGAATTGTG-1,-0.30405527223520673
CSF,HC,HC,32,TCCACACAGGAATTAC-1,-0.30405527223520673
CSF,HC,HC,32,TCCACACGTGTCAATC-1,-0.09547340214375885
CSF,HC,HC,32,TCCCGATAGCGTTGCC-1,-0.30405527223520673
CSF,HC,HC,32,TCGTAGATCGTACCGG-1,-0.1457994781088894
CSF,HC,HC,32,TGACGGCAGAGCAATT-1,0.43115425272206676
CSF,HC,HC,32,TGACTAGTCCGTTGCT-1,0.27127445686772395
CSF,HC,HC,32,TGAGCATAGGATATAC-1,0.1673673232822995
CSF,HC,HC,32,TGAGCCGAGAGTACAT-1,-0.1529844539294112
CSF,HC,HC,32,TGCACCTCAGACGCCT-1,0.061008263016909745
CSF,HC,HC,32,TGCCCATTCGCCGTGA-1,0.0626890447232781
CSF,HC,HC,32,TGCGTGGTCCAGAGGA-1,0.06279203577371349
CSF,HC,HC,32,TGGCGCATCCGCAAGC-1,0.6446987300286279
CSF,HC,HC,32,TGGGCGTTCAGCATGT-1,0.9557933678301878
CSF,HC,HC,32,TGGTTAGGTCTCACCT-1,0.630146655200117
CSF,HC,HC,32,TGGTTCCAGCTGTCTA-1,0.11035563229329994
CSF,HC,HC,32,TTAGGACAGAAGGCCT-1,0.28265071327629426
CSF,HC,HC,32,TTCGGTCGTCCGTTAA-1,-0.30405527223520673
CSF,HC,HC,32,TTCTACATCTTTACAC-1,-0.30405527223520673
CSF,HC,HC,32,TTGCCGTTCAACTCTT-1,0.45579361641091776
CSF,HC,HC,32,TTGGAACAGTCGTTTG-1,-0.30405527223520673
CSF,HC,HC,32,TTGGAACGTCAGATAA-1,0.2736172560420747
PB,HC,HC,2,AAAGATGCATCACAAC-1,0.0095178037332703
PB,HC,HC,2,AACACGTTCATCGATG-1,-0.03106900885292513
PB,HC,HC,2,AACCGCGAGATGCCAG-1,-0.10732816943536636
PB,HC,HC,2,AACTCAGGTTTGTTGG-1,0.17647658909532588
PB,HC,HC,2,AACTGGTAGAACTGTA-1,0.16488298591960687
PB,HC,HC,2,AAGACCTTCCTTGACC-1,-0.033739610401217486
PB,HC,HC,2,AAGGAGCGTACAGACG-1,-0.09499830836213989
PB,HC,HC,2,AAGGTTCTCTTGCATT-1,0.47129042668241167
PB,HC,HC,2,AAGTCTGCACCGTTGG-1,0.14607384082327288
PB,HC,HC,2,ACACCGGGTGACCAAG-1,0.691373448189883
PB,HC,HC,2,ACACTGAAGGGAACGG-1,-0.18143626283856287
PB,HC,HC,2,ACATACGGTCCTCTTG-1,0.06655958428031163
PB,HC,HC,2,ACATCAGTCTAACCGA-1,-0.2018058885900777
PB,HC,HC,2,ACCCACTCAGGGTATG-1,-0.0653196587159892
PB,HC,HC,2,ACCGTAAAGCGTGAAC-1,0.7014426883847534
PB,HC,HC,2,ACGAGGAGTGAGTATA-1,0.8745620288290369
PB,HC,HC,2,ACGATGTAGACCGGAT-1,0.16706292757985958
PB,HC,HC,2,ACGCCAGTCCACGTTC-1,0.17033009259573134
PB,HC,HC,2,ACGGAGAGTAAGGGAA-1,0.35332533323307713
PB,HC,HC,2,ACTGAACGTTACAGAA-1,0.0018504982800974393
PB,HC,HC,2,ACTGATGAGAGTTGGC-1,-0.005250023545254057
PB,HC,HC,2,AGACGTTTCCGTAGTA-1,-0.10113935650832792
PB,HC,HC,2,AGACGTTTCTGATTCT-1,-0.13189488243847822
PB,HC,HC,2,AGAGCTTTCGGCTACG-1,0.18193193003645028
PB,HC,HC,2,AGCAGCCAGATCCCGC-1,-0.1517643483160018
PB,HC,HC,2,AGCAGCCCATCGTCGG-1,0.08845218294709696
PB,HC,HC,2,AGCCTAAGTCTCCCTA-1,0.6116409074635927
PB,HC,HC,2,AGCGGTCAGCCTTGAT-1,0.4901416464735609
PB,HC,HC,2,AGCTCTCTCGTGGACC-1,-0.21567566931072515
PB,HC,HC,2,AGCTTGAGTATAGGTA-1,0.39392892242670763
PB,HC,HC,2,AGGGATGAGAGTACCG-1,-0.08399812342027606
PB,HC,HC,2,AGTCTTTCAATCCAAC-1,0.009101800300280452
PB,HC,HC,2,ATAACGCTCTCCAGGG-1,-0.30405527223520673
PB,HC,HC,2,ATCACGACATGAACCT-1,0.04785369759908691
PB,HC,HC,2,ATCATCTGTGCGATAG-1,0.017218957436944515
PB,HC,HC,2,ATCATCTTCAGTTAGC-1,0.16826101520522666
PB,HC,HC,2,ATCCGAAGTTATTCTC-1,0.11257318867855885
PB,HC,HC,2,ATCCGAAGTTCAGCGC-1,-0.30405527223520673
PB,HC,HC,2,ATCTACTGTATCACCA-1,-0.30405527223520673
PB,HC,HC,2,ATCTGCCAGAAGCCCA-1,-0.30405527223520673
PB,HC,HC,2,ATCTGCCTCTGAGGGA-1,0.009046749210459195
PB,HC,HC,2,ATTCTACGTAGGGTAC-1,-0.13248129812344048
PB,HC,HC,2,ATTTCTGAGACCCACC-1,-0.30405527223520673
PB,HC,HC,2,CAACCTCCAAGTTAAG-1,-0.13496031440095843
PB,HC,HC,2,CAACCTCCACCCATTC-1,-0.30405527223520673
PB,HC,HC,2,CAAGGCCTCTGCAAGT-1,0.14359302936731064
PB,HC,HC,2,CAAGTTGGTGACCAAG-1,0.11055821365588263
PB,HC,HC,2,CACAAACGTAATCACC-1,0.0188252951221405
PB,HC,HC,2,CACACAACACAGGAGT-1,-0.30405527223520673
PB,HC,HC,2,CACACAACACCCTATC-1,0.21981947650827213
PB,HC,HC,2,CACCACTTCTAGAGTC-1,0.10298469046495846
PB,HC,HC,2,CACCAGGAGCTCTCGG-1,0.047674180861380644
PB,HC,HC,2,CACTCCAAGGCTCATT-1,0.09641529902328409
PB,HC,HC,2,CACTCCAGTTAAGATG-1,-0.19294665870978686
PB,HC,HC,2,CACTCCATCAAACCAC-1-1,0.30967225137907056
PB,HC,HC,2,CAGAGAGTCGCCTGAG-1,0.0971475635640688
PB,HC,HC,2,CATATGGAGACTCGGA-1,-0.03360132932569019
PB,HC,HC,2,CATCCACAGAGTTGGC-1,-0.1440417088093549
PB,HC,HC,2,CATTCGCAGCAAATCA-1,0.0761268343113457
PB,HC,HC,2,CATTCGCTCCGCATCT-1,-0.1185279402575207
PB,HC,HC,2,CCACCTATCTCTTGAT-1,0.030180579599089326
PB,HC,HC,2,CCACTACCATGAGCGA-1,0.1511164979492647
PB,HC,HC,2,CCATGTCGTAAGTTCC-1,0.0804509434917575
PB,HC,HC,2,CCCTCCTCAGTCCTTC-1,0.15193960225282366
PB,HC,HC,2,CCGGTAGTCTCCAACC-1,0.36649200672537896
PB,HC,HC,2,CCGTGGAGTAGTAGTA-1,0.08095255554348127
PB,HC,HC,2,CCTACCATCTAAGCCA-1,-0.1391230835028023
PB,HC,HC,2,CCTTCCCCAAGCTGGA-1,-0.30405527223520673
PB,HC,HC,2,CCTTCCCGTGACAAAT-1,0.12156828262914966
PB,HC,HC,2,CCTTCGAAGGATGTAT-1,-0.11075757800113108
PB,HC,HC,2,CCTTTCTAGCTGCGAA-1,0.24665512098842196
PB,HC,HC,2,CGACTTCTCAGCCTAA-1,-0.30405527223520673
PB,HC,HC,2,CGAGCACCACCTCGGA-1,0.22474276169727087
PB,HC,HC,2,CGATGGCAGGTGATTA-1,-0.10394639104732419
PB,HC,HC,2,CGATGTAGTCTCACCT-1-2,-0.30405527223520673
PB,HC,HC,2,CGATTGAGTGACAAAT-1,0.4057152324279132
PB,HC,HC,2,CGGGTCACATGCCACG-1,0.3445053379431745
PB,HC,HC,2,CGTAGCGGTCCGACGT-1,-0.2103763573753093
PB,HC,HC,2,CGTGTCTAGATCGATA-1,0.25693489446807316
PB,HC,HC,2,CGTTAGAAGCAGCCTC-1,0.2165201353415625
PB,HC,HC,2,CGTTCTGAGTGCGATG-1,0.3132971718294511
PB,HC,HC,2,CTACACCTCCGCTGTT-1,-0.12813275742699473
PB,HC,HC,2,CTACATTTCTAACGGT-1,-0.08168244182894135
PB,HC,HC,2,CTACCCAGTCTTCGTC-1,0.011055093040114443
PB,HC,HC,2,CTACGTCAGACTTGAA-1,-0.11440909035079072
PB,HC,HC,2,CTAGAGTAGCCGATTT-1,-0.30405527223520673
PB,HC,HC,2,CTAGCCTTCAGTGTTG-1,0.17308805542279979
PB,HC,HC,2,CTAGCCTTCTACGAGT-1,0.15626337029364887
PB,HC,HC,2,CTCGAAAAGATGTGGC-1,-0.12772038571710892
PB,HC,HC,2,CTCGAAAGTCCGAAGA-1,-0.0022899362634555592
PB,HC,HC,2,CTCGGAGCAGCGATCC-1,-0.30405527223520673
PB,HC,HC,2,CTCTACGAGAAACGCC-1,0.3915562110108594
PB,HC,HC,2,CTGAAACCACGGCTAC-1,0.49894099145866216
PB,HC,HC,2,CTGCGGATCGGATGGA-1,-0.20243913475011302
PB,HC,HC,2,CTGCTGTGTTGCGTTA-1,-0.08381457901379359
PB,HC,HC,2,CTGGTCTGTTCAACCA-1,-0.12905406718784485
PB,HC,HC,2,CTTAACTCAGGACCCT-1,-0.06333619392259457
PB,HC,HC,2,GAAACTCCATGGGACA-1,-0.07806471944296034
PB,HC,HC,2,GAAATGAAGTACGCGA-1,0.04070968158512928
PB,HC,HC,2,GAAATGACATGCAATC-1,-0.2120696222127694
PB,HC,HC,2,GAACCTAAGCTTCGCG-1,-0.15724455346599636
PB,HC,HC,2,GAACCTAGTACTTCTT-1,0.10160250174526637
PB,HC,HC,2,GACAGAGGTAGCAAAT-1,-0.03899419698156533
PB,HC,HC,2,GACAGAGTCACCTTAT-1,0.020538371026805852
PB,HC,HC,2,GACCTGGAGTGTCTCA-1,0.00019410874710645842
PB,HC,HC,2,GACGCGTCAACCGCCA-1,-0.09823820583831924
PB,HC,HC,2,GACGGCTCAGGTGCCT-1,0.28121229454841834
PB,HC,HC,2,GACTACAAGGCAGGTT-1,-0.18425723509256375
PB,HC,HC,2,GACTACATCCGCAGTG-1,0.13826335128568285
PB,HC,HC,2,GAGCAGAGTATATGGA-1,0.42227888757266874
PB,HC,HC,2,GAGTCCGGTTATCCGA-1,0.11649230834321254
PB,HC,HC,2,GATGCTACATGAACCT-1,-0.30405527223520673
PB,HC,HC,2,GCAAACTAGGGTCGAT-1,-0.019006786355698652
PB,HC,HC,2,GCACTCTGTTCAACCA-1,0.9020874477537788
PB,HC,HC,2,GCATGTACAGTCACTA-1,-0.0885949608085403
PB,HC,HC,2,GCGCAGTGTATGAAAC-1,0.3793672943479221
PB,HC,HC,2,GCGCCAAGTAAACGCG-1,-0.30405527223520673
PB,HC,HC,2,GCGGGTTCAGACGTAG-1,0.4333946419141995
PB,HC,HC,2,GCTTCCATCGCGTTTC-1,0.4054689370153837
PB,HC,HC,2,GGACAAGCAACTGCGC-1,-0.30405527223520673
PB,HC,HC,2,GGAGCAAAGCCAACAG-1,0.060634289544407784
PB,HC,HC,2,GGCAATTGTCTCTTAT-1,0.12693461660836364
PB,HC,HC,2,GGCTGGTAGTTTGCGT-1,0.23323861566499346
PB,HC,HC,2,GGGACCTTCTGATACG-1,0.055658386744024076
PB,HC,HC,2,GGGCACTGTCATCCCT-1,0.4363016851155241
PB,HC,HC,2,GTAACGTGTAGGGTAC-1,0.1271117633210603
PB,HC,HC,2,GTACGTACATCTCGCT-1,-0.30405527223520673
PB,HC,HC,2,GTAGGCCGTCACTGGC-1,0.06712665929941906
PB,HC,HC,2,GTCAAGTGTATATGAG-1,0.13469114653775455
PB,HC,HC,2,GTCACAAGTCTAGAGG-1,0.6847481846626463
PB,HC,HC,2,GTCATTTTCCCTTGTG-1,-0.14406197481420224
PB,HC,HC,2,GTCCTCATCGTAGGAG-1,0.8150678782296075
PB,HC,HC,2,GTCGGGTCACTGCCAG-1,-0.30405527223520673
PB,HC,HC,2,GTCTCGTAGACAAGCC-1,0.16077281591601494
PB,HC,HC,2,GTGCATACAAAGCAAT-1,0.33782437423054384
PB,HC,HC,2,GTGGGTCTCACAATGC-1,-0.16225715586698297
PB,HC,HC,2,GTGTTAGCATGAGCGA-1,-0.30405527223520673
PB,HC,HC,2,GTTAAGCGTAGGGACT-1,0.042414944015226975
PB,HC,HC,2,GTTAAGCGTCAGAATA-1,-0.02231214378923566
PB,HC,HC,2,GTTCATTGTATAGTAG-1,-0.30405527223520673
PB,HC,HC,2,GTTCGGGTCTGAGGGA-1,0.02383317080910107
PB,HC,HC,2,GTTCTCGAGCCAGTTT-1,0.28472750602634866
PB,HC,HC,2,GTTCTCGAGTGTCCCG-1,0.3441808652323812
PB,HC,HC,2,GTTTCTATCAGCTCTC-1,-0.03921913650782673
PB,HC,HC,2,TAAGCGTTCCGCGCAA-1,0.5998571917182494
PB,HC,HC,2,TAAGCGTTCGTCTGAA-1,-0.13165210022986668
PB,HC,HC,2,TAAGTGCGTAGATTAG-1,-0.18355959051639362
PB,HC,HC,2,TAAGTGCTCATGGTCA-1,-0.07002335991288497
PB,HC,HC,2,TACCTATGTTAAAGTG-1,0.185425831076569
PB,HC,HC,2,TACCTTACAAAGAATC-1,-0.30405527223520673
PB,HC,HC,2,TACGGATCAGACAAGC-1,-0.13137799783877446
PB,HC,HC,2,TACGGGCAGAGGTAGA-1,-0.30405527223520673
PB,HC,HC,2,TACTTACAGGACATTA-1,-0.1488521881492128
PB,HC,HC,2,TACTTGTAGATAGCAT-1,0.04416896040882733
PB,HC,HC,2,TAGAGCTCACTGTTAG-1,0.07650376000866624
PB,HC,HC,2,TAGTGGTAGGTAAACT-1,-0.30405527223520673
PB,HC,HC,2,TAGTTGGTCACTTACT-1,0.26805442626829584
PB,HC,HC,2,TATCAGGTCTGAGGGA-1,-0.07115448688555795
PB,HC,HC,2,TATCTCAAGTGAAGAG-1,-0.30405527223520673
PB,HC,HC,2,TCAACGAGTCGAACAG-1,-0.13427260871016303
PB,HC,HC,2,TCAATCTAGGTGCACA-1,-0.30405527223520673
PB,HC,HC,2,TCACAAGCATTGTGCA-1,-0.30405527223520673
PB,HC,HC,2,TCAGATGAGTGAAGAG-1,0.14864821400944767
PB,HC,HC,2,TCAGGTAGTGCAACTT-1,0.021727067135216376
PB,HC,HC,2,TCCACACGTAAAGTCA-1,-0.30405527223520673
PB,HC,HC,2,TCTCTAAAGTGTACCT-1,-0.30405527223520673
PB,HC,HC,2,TGAAAGACACGGATAG-1,0.2577464605463504
PB,HC,HC,2,TGACTTTTCACGAAGG-1,-0.11958058805570289
PB,HC,HC,2,TGAGCATTCCACGCAG-1,0.13211611211666524
PB,HC,HC,2,TGCCCATGTTTAAGCC-1,-0.30405527223520673
PB,HC,HC,2,TGCGCAGCAATGTTGC-1,0.3073013395766556
PB,HC,HC,2,TGGCCAGTCTGGAGCC-1,-0.17275134971598968
PB,HC,HC,2,TGGGAAGTCAAACGGG-1,0.059790779151420094
PB,HC,HC,2,TGGGCGTTCTCTGCTG-1,-0.30405527223520673
PB,HC,HC,2,TGTTCCGCACGACTCG-1,-0.05450805579825191
PB,HC,HC,2,TGTTCCGTCTCACATT-1,-0.30405527223520673
PB,HC,HC,2,TTCCCAGCAGCTTCGG-1,0.2552075683247021
PB,HC,HC,2,TTCGAAGCAGTCTTCC-1,0.44388102525334705
PB,HC,HC,2,TTCGGTCGTTAGATGA-1,0.5987238603247219
PB,HC,HC,2,TTCTACATCATGTCCC-1,-0.30405527223520673
PB,HC,HC,2,TTCTTAGGTACGACCC-1,0.277184578663758
PB,HC,HC,2,TTGTAGGCATACTACG-1,0.09296269295760688
PB,HC,HC,2,TTTACTGCAATGACCT-1,0.18984264074670895
PB,HC,HC,3,AAACGGGCAAGCCTAT-1,0.3756743180239899
PB,HC,HC,3,AAACGGGCACCATCCT-1,0.17441259326479758
PB,HC,HC,3,AAACGGGCACGTAAGG-1,-0.06384817324055311
PB,HC,HC,3,AAAGATGCACAGCCCA-1,0.10440940366448977
PB,HC,HC,3,AACACGTCATACGCCG-1,-0.30405527223520673
PB,HC,HC,3,AACGTTGTCCACGAAT-1,0.21903442054181602
PB,HC,HC,3,AACTCAGGTGTGAATA-1,-0.05639974102858742
PB,HC,HC,3,AACTCCCGTAAGGGCT-1,-0.009692591770347456
PB,HC,HC,3,AACTGGTTCTTCTGGC-1,0.15930879351442734
PB,HC,HC,3,AATCCAGAGACACGAC-1,0.06813393543931148
PB,HC,HC,3,AATCCAGAGGGCTTCC-1,0.6888105845282204
PB,HC,HC,3,AATCGGTGTGCTAGCC-1,0.28038222906239557
PB,HC,HC,3,ACACCAAAGCTTTGGT-1,-0.30405527223520673
PB,HC,HC,3,ACACTGACACCTCGTT-1,0.09037775851957329
PB,HC,HC,3,ACATACGGTTCCCGAG-1,0.0551339197327368
PB,HC,HC,3,ACATACGTCCAAATGC-1,-0.05887558405672504
PB,HC,HC,3,ACATACGTCTACCAGA-1,0.2723750231170284
PB,HC,HC,3,ACCGTAATCTAACTGG-1,-0.18317924254027215
PB,HC,HC,3,ACCTTTAGTCTCACCT-1,-0.30405527223520673
PB,HC,HC,3,ACCTTTATCGACAGCC-1,-0.30405527223520673
PB,HC,HC,3,ACGAGGAGTAGATTAG-1,-0.11071752515677914
PB,HC,HC,3,ACGATACCAGTGAGTG-1,0.08887586680380435
PB,HC,HC,3,ACGATGTGTGGGTATG-1,-0.10108330361947437
PB,HC,HC,3,ACGATGTTCGTGGTCG-1,0.06265123829967299
PB,HC,HC,3,ACGCAGCCACGTAAGG-1,0.17891368582223363
PB,HC,HC,3,ACGCCAGAGACAGACC-1,0.16341731249687777
PB,HC,HC,3,ACGGAGAGTCGAGTTT-1,-0.07817584761162456
PB,HC,HC,3,ACGGGCTTCCTTTACA-1,-0.10098357871297099
PB,HC,HC,3,ACGGGTCGTTAGAACA-1,-0.1998655381234611
PB,HC,HC,3,AGAATAGAGACCTAGG-1,0.1282080625299535
PB,HC,HC,3,AGAATAGGTTATCGGT-1,0.8470707978752757
PB,HC,HC,3,AGAGCTTAGATGTCGG-1,0.09085978305021135
PB,HC,HC,3,AGAGCTTCACATCTTT-1,0.07613063337028299
PB,HC,HC,3,AGATCTGAGTACACCT-1,-0.19159364264646467
PB,HC,HC,3,AGATCTGTCACCGTAA-1,0.14557811831599793
PB,HC,HC,3,AGCCTAATCGGATGTT-1,-0.022528010574172284
PB,HC,HC,3,AGCGTATAGGATCGCA-1,0.39515655944619954
PB,HC,HC,3,AGCTCCTCATTTGCTT-1,0.5466315432449658
PB,HC,HC,3,AGCTTGAGTCCCTTGT-1,0.10462637636068002
PB,HC,HC,3,AGCTTGATCGCCAAAT-1,0.22051560065434975
PB,HC,HC,3,AGCTTGATCGTCCAGG-1,0.45111484058600837
PB,HC,HC,3,AGGCCACCACGAAATA-1,0.05678871134105195
PB,HC,HC,3,AGTAGTCCATCAGTCA-1,0.008834026781949635
PB,HC,HC,3,AGTAGTCTCCTGCAGG-1,0.15951273481153525
PB,HC,HC,3,AGTGAGGTCCCTTGCA-1,-0.12983339895318144
PB,HC,HC,3,AGTTGGTTCCATGAAC-1,-0.14302372584904072
PB,HC,HC,3,ATCATCTGTGAGGGTT-1,-0.20194463523610676
PB,HC,HC,3,ATCATCTGTTGTGGCC-1,-0.19220416207562283
PB,HC,HC,3,ATCATGGGTCGCATCG-1,0.25641479284736685
PB,HC,HC,3,ATCATGGTCAAGGTAA-1,-0.16324799196088263
PB,HC,HC,3,ATCCACCGTAAGTAGT-1,0.37356045816019817
PB,HC,HC,3,ATCTGCCCACAGGAGT-1,-0.1835429273807246
PB,HC,HC,3,ATTTCTGGTGCTAGCC-1,0.14256074892510276
PB,HC,HC,3,ATTTCTGTCCTGTAGA-1,-0.054972674599818826
PB,HC,HC,3,CAACTAGAGGAGCGAG-1,-0.2249700032762399
PB,HC,HC,3,CACACAACACGGCCAT-1,-0.30405527223520673
PB,HC,HC,3,CACACTCGTGGGTCAA-1,-0.30405527223520673
PB,HC,HC,3,CACCACTTCGTACCGG-1,0.2957778369147584
PB,HC,HC,3,CACCTTGCAAGACGTG-1,0.17822605349600365
PB,HC,HC,3,CAGCGACGTAACGACG-1,0.3265681032406252
PB,HC,HC,3,CAGCTAACATGAGCGA-1,-0.30405527223520673
PB,HC,HC,3,CAGTCCTCAGCGTAAG-1,0.39528679280284384
PB,HC,HC,3,CAGTCCTGTCTTGCGG-1,0.17424701256411268
PB,HC,HC,3,CATCAAGGTGTATGGG-1,-0.14241928389541852
PB,HC,HC,3,CATCAGACAAGGTTTC-1,-0.21252839899672762
PB,HC,HC,3,CATCGAACATCACAAC-1,0.23237930804791856
PB,HC,HC,3,CATGCCTCAGCCTGTG-1,0.18129638652663965
PB,HC,HC,3,CCGTGGATCGCTTAGA-1,-0.1054061346168147
PB,HC,HC,3,CCGTTCATCATGTCCC-1,-0.11925527768868757
PB,HC,HC,3,CCTACCACATGTTGAC-1,-0.19080192043027147
PB,HC,HC,3,CCTCAGTAGCTAGTGG-1,-0.2089231568527869
PB,HC,HC,3,CCTTCGACACTTCTGC-1,-0.062097819063034625
PB,HC,HC,3,CCTTCGAGTGTCAATC-1,-0.30405527223520673
PB,HC,HC,3,CCTTTCTCACAACTGT-1,0.04032189459966513
PB,HC,HC,3,CCTTTCTGTCAGAGGT-1,0.1483488564093672
PB,HC,HC,3,CGACCTTCATGAACCT-1,0.048210965787798314
PB,HC,HC,3,CGAGCACGTTCAACCA-1,0.02341670088333216
PB,HC,HC,3,CGCCAAGCACAGCCCA-1,-0.012163191501542468
PB,HC,HC,3,CGGCTAGAGGAATCGC-1,-0.09922584612104744
PB,HC,HC,3,CGTCTACGTCTACCTC-1,0.039728473937706066
PB,HC,HC,3,CGTGTAATCGGTGTTA-1,-0.10267191105097417
PB,HC,HC,3,CGTTGGGGTGAGTGAC-1,0.10425313635474953
PB,HC,HC,3,CTACACCAGATACACA-1,0.3244778896597365
PB,HC,HC,3,CTCACACCAGGTCGTC-1,-0.1091737077285685
PB,HC,HC,3,CTCAGAACATCACAAC-1,0.1359320994664385
PB,HC,HC,3,CTCAGAAGTAGCGCAA-1,0.16208496603439304
PB,HC,HC,3,CTCGAAAAGATAGGAG-1,0.18199431202991612
PB,HC,HC,3,CTCGTCAAGTGGGTTG-1,0.021358449313671462
PB,HC,HC,3,CTCTAATTCTAACTGG-1,0.45903377479281193
PB,HC,HC,3,CTCTACGAGTCCGTAT-1,0.4023102844356073
PB,HC,HC,3,CTTACCGGTACGCTGC-1,0.6437872737621844
PB,HC,HC,3,CTTAGGAGTTGAGTTC-1,-0.19261449173900708
PB,HC,HC,3,GAAATGACAGCTGTAT-1,-0.30405527223520673
PB,HC,HC,3,GAACCTAGTTAAGACA-1,0.33006186708314483
PB,HC,HC,3,GACAGAGTCTAGCACA-1,0.028180664447241082
PB,HC,HC,3,GACAGAGTCTCTTATG-1,0.09061041708153734
PB,HC,HC,3,GACCTGGAGGCCCTTG-1,-0.30405527223520673
PB,HC,HC,3,GACGCGTTCCCTGACT-1,0.23883706535490973
PB,HC,HC,3,GAGGTGAGTCTCACCT-1,-0.30405527223520673
PB,HC,HC,3,GAGGTGATCACCGGGT-1,-0.30405527223520673
PB,HC,HC,3,GATCGATAGTAACCCT-1,-0.027448282581735706
PB,HC,HC,3,GATCGCGTCCTCAATT-1,-0.21519010577235412
PB,HC,HC,3,GATCTAGAGTCAAGGC-1,-0.30405527223520673
PB,HC,HC,3,GATCTAGGTCGGATCC-1,-0.12541437388376375
PB,HC,HC,3,GATGAAAGTAAATACG-1,-0.13425815169629324
PB,HC,HC,3,GATGCTATCAGCTCGG-1,-0.13124058999706384
PB,HC,HC,3,GCAAACTTCTTATCTG-1,0.11595265254696004
PB,HC,HC,3,GCCAAATTCAGCAACT-1,-0.026116068088685513
PB,HC,HC,3,GCGACCACATTGTGCA-1,-0.1639439881675114
PB,HC,HC,3,GCGCCAAAGCCCAGCT-1,0.4113270105075643
PB,HC,HC,3,GCGCCAAAGTCACGCC-1,-0.118271152225108
PB,HC,HC,3,GCGCCAACATGCCACG-1,0.4202974740940899
PB,HC,HC,3,GCGGGTTGTAGGCTGA-1,0.3073552489472479
PB,HC,HC,3,GCTCTGTGTACATCCA-1,-0.30405527223520673
PB,HC,HC,3,GCTCTGTGTCTCTTAT-1,0.13423195060522747
PB,HC,HC,3,GGAAAGCTCAACGGCC-1,-0.30405527223520673
PB,HC,HC,3,GGAACTTCACGCCAGT-1,0.04988523235203467
PB,HC,HC,3,GGACATTAGCTAGTCT-1,0.1087169851882057
PB,HC,HC,3,GGATGTTGTGGTCCGT-1,-0.1597510695036918
PB,HC,HC,3,GGCCGATGTGCCTGTG-1,0.13405343711107323
PB,HC,HC,3,GGCGTGTTCCAGTAGT-1,0.49682451325790394
PB,HC,HC,3,GGCTGGTCAGCCTGTG-1,0.37882158699724716
PB,HC,HC,3,GGTATTGGTCAAGCGA-1,-0.19759039729350938
PB,HC,HC,3,GGTGTTAAGCTCCTTC-1,0.17748585647243242
PB,HC,HC,3,GTACTCCGTTGTGGCC-1,0.24413326583972333
PB,HC,HC,3,GTACTCCTCCAAACTG-1,0.38218877182635885
PB,HC,HC,3,GTCAAGTCAGCAGTTT-1,-0.20776791270294068
PB,HC,HC,3,GTCGTAACATGTCCTC-1,0.5091849738719599
PB,HC,HC,3,GTGCAGCAGCGCTTAT-1,-0.016527132764564283
PB,HC,HC,3,GTGCAGCCAGGATTGG-1,-0.03310456961304994
PB,HC,HC,3,GTGGGTCCATGCAATC-1,-0.16877396014508786
PB,HC,HC,3,GTGTGCGGTTTGTTGG-1,-0.17123494546770882
PB,HC,HC,3,GTGTGCGTCTTCAACT-1,0.012980066198936657
PB,HC,HC,3,GTTACAGAGCCAGTAG-1,-0.10218907660355349
PB,HC,HC,3,GTTACAGCACCAACCG-1,0.2869997951551851
PB,HC,HC,3,TAAGAGATCCTACAGA-1,0.13705981798743075
PB,HC,HC,3,TAAGTGCGTGGTCTCG-1,-0.30405527223520673
PB,HC,HC,3,TACCTATTCACTTACT-1,-0.07828123406156408
PB,HC,HC,3,TACCTATTCTTGTCAT-1,0.16922562763158192
PB,HC,HC,3,TAGACCAAGATCCGAG-1,0.2675351149905497
PB,HC,HC,3,TAGACCAAGTGATCGG-1,-0.07192047179107107
PB,HC,HC,3,TAGGCATCAAAGTGCG-1,-0.30405527223520673
PB,HC,HC,3,TAGTTGGAGGTGCTAG-1,0.8728914730581225
PB,HC,HC,3,TATGCCCGTGAAAGAG-1,0.17341628425858646
PB,HC,HC,3,TCAATCTCACCTGGTG-1,-0.30405527223520673
PB,HC,HC,3,TCAGATGAGTTAGGTA-1,-0.2325550790843753
PB,HC,HC,3,TCAGCAAAGCTGAAAT-1,0.009206572564986217
PB,HC,HC,3,TCAGCAACACTTAACG-1,0.660309567753748
PB,HC,HC,3,TCAGGATTCGCTGATA-1,-0.30405527223520673
PB,HC,HC,3,TCAGGTAAGGCGATAC-1,-0.12128286432475402
PB,HC,HC,3,TCATTACGTATAGGGC-1,0.27663601305940705
PB,HC,HC,3,TCATTACTCACATACG-1-1,0.31142169531574676
PB,HC,HC,3,TCATTTGGTCCAGTTA-1,-0.30405527223520673
PB,HC,HC,3,TCATTTGTCTTCCTTC-1,-0.30405527223520673
PB,HC,HC,3,TCCCGATAGTCAATAG-1,-0.2123271428662376
PB,HC,HC,3,TCGAGGCCAGGCAGTA-1,-0.30405527223520673
PB,HC,HC,3,TCGAGGCGTACAAGTA-1,0.10898389731085857
PB,HC,HC,3,TCGGTAAAGCCATCGC-1,-0.30405527223520673
PB,HC,HC,3,TCTATTGGTGTAATGA-1,0.49075956509702406
PB,HC,HC,3,TGACGGCTCTCAAACG-1,-0.01978197412027619
PB,HC,HC,3,TGAGAGGTCTGAAAGA-1,0.05470896514620947
PB,HC,HC,3,TGAGCATCAAGTCTAC-1,-0.10107150118957371
PB,HC,HC,3,TGAGGGAAGAGTCGGT-1,-0.30405527223520673
PB,HC,HC,3,TGCTGCTGTGCAGGTA-1,0.8091793204687528
PB,HC,HC,3,TGGACGCCATCACGTA-1,0.1610981286323922
PB,HC,HC,3,TGGCCAGGTTATCGGT-1,-0.0005639109148704183
PB,HC,HC,3,TGGCGCAGTACGCACC-1,-0.30405527223520673
PB,HC,HC,3,TGGCTGGGTGCTGTAT-1,-0.09201377785187607
PB,HC,HC,3,TGGGAAGAGGTAGCTG-1,0.013224319827883952
PB,HC,HC,3,TGTGGTAGTAGCTCCG-1,0.08180240413338859
PB,HC,HC,3,TTAGTTCAGGGTCGAT-1,0.07032310769798927
PB,HC,HC,3,TTCTACAAGGCTACGA-1,-0.30405527223520673
PB,HC,HC,3,TTCTACACACGTCAGC-1,-0.03127483461447801
PB,HC,HC,3,TTCTCAACAGGGAGAG-1,0.06604545019850129
PB,HC,HC,3,TTCTCAAGTAAATGTG-1,-0.10278569001678647
PB,HC,HC,3,TTCTTAGAGAAGGTTT-1,0.21638074789514147
PB,HC,HC,3,TTGACTTCATGGATGG-1,-0.1558528265445289
PB,HC,HC,3,TTGCGTCTCTCTTATG-1,0.0033540370364876543
PB,HC,HC,3,TTTGCGCGTCTTCAAG-1,0.602440414573298
PB,HC,HC,3,TTTGGTTCATTTCACT-1,-0.14141145171571154
PB,HC,HC,32,AAACCTGCAGGACCCT-1,-0.0570795985869932
PB,HC,HC,32,AAACCTGCATGAAGTA-1,0.06736695577281214
PB,HC,HC,32,AAATGCCTCAAGGTAA-1,0.26018326622488586
PB,HC,HC,32,AAATGCCTCTAGAGTC-1,0.218255525353249
PB,HC,HC,32,AACGTTGCAGGATTGG-1,0.1278479217409905
PB,HC,HC,32,AATCCAGAGAGCCCAA-1,-0.30405527223520673
PB,HC,HC,32,ACACTGATCAACGCTA-1,-0.20703155460167708
PB,HC,HC,32,ACATGGTCAGCGAACA-1,-0.15686214092425058
PB,HC,HC,32,ACCCACTCAGCTGCAC-1,-0.30405527223520673
PB,HC,HC,32,ACGATACCAGTGAGTG-1-1,0.02736796234843298
PB,HC,HC,32,ACGCAGCTCAGTTGAC-1,0.24617156959015932
PB,HC,HC,32,ACGGCCACAGCAGTTT-1,-0.30405527223520673
PB,HC,HC,32,ACGGGCTGTTAAGACA-1,0.14879841526135648
PB,HC,HC,32,ACGGGTCCATAAGACA-1,-0.14545550708971242
PB,HC,HC,32,ACTGTCCGTTCCATGA-1,-0.03592582732458142
PB,HC,HC,32,AGAATAGAGAAGGGTA-1,0.0686700353483202
PB,HC,HC,32,AGACGTTCATTAGCCA-1,0.7029563372667915
PB,HC,HC,32,AGCAGCCGTGAAGGCT-1,0.5206634520152268
PB,HC,HC,32,AGCGGTCGTTGACGTT-1,0.2115684053047284
PB,HC,HC,32,AGTAGTCTCGTAGATC-1,0.2776446821788849
PB,HC,HC,32,AGTTGGTGTAATCGTC-1,0.13400640181511145
PB,HC,HC,32,ATAACGCAGTTAGCGG-1,-0.12956738817562832
PB,HC,HC,32,ATCGAGTGTGCACTTA-1,0.18465318702705089
PB,HC,HC,32,CAAGTTGGTGAGGCTA-1,-0.17989164585072112
PB,HC,HC,32,CACACAACACTAGTAC-1-1,0.11029312057325358
PB,HC,HC,32,CACACCTGTCACCCAG-1,0.18344352752706453
PB,HC,HC,32,CACAGGCCATCCGGGT-1,0.8833210247479568
PB,HC,HC,32,CACTCCAGTGGACGAT-1,0.02084453440347703
PB,HC,HC,32,CAGTCCTTCTCCGGTT-1,-0.00528135381475522
PB,HC,HC,32,CATATTCGTGTAATGA-1,-0.30405527223520673
PB,HC,HC,32,CATCAGATCATATCGG-1,0.16250684344607194
PB,HC,HC,32,CATGGCGCACCCATTC-1,0.2693597253794961
PB,HC,HC,32,CCACCTATCAGCGACC-1,-0.06249644046802415
PB,HC,HC,32,CCACGGATCGTGGTCG-1,-0.30405527223520673
PB,HC,HC,32,CCACTACAGGAATTAC-1,0.17908338971313245
PB,HC,HC,32,CCGTTCACACAGGAGT-1,0.13266344270899733
PB,HC,HC,32,CCGTTCAGTCTCCCTA-1,0.35214416380789654
PB,HC,HC,32,CCTCTGATCGGCTTGG-1,-0.08141916356655567
PB,HC,HC,32,CCTTCGATCAGCATGT-1,-0.03919305531481615
PB,HC,HC,32,CCTTCGATCAGTTCGA-1,0.30606531270219545
PB,HC,HC,32,CGAATGTCATCGATTG-1,0.7791160203059738
PB,HC,HC,32,CGAGCCAGTCTGGTCG-1,-0.30405527223520673
PB,HC,HC,32,CGCCAAGCACAGGCCT-1,0.11395226435966781
PB,HC,HC,32,CGCTGGACATATGCTG-1,0.3366380131114057
PB,HC,HC,32,CGGACTGCACAGCGTC-1,0.16829348212178985
PB,HC,HC,32,CGGAGCTTCCTCGCAT-1,0.17192452518758913
PB,HC,HC,32,CTAATGGTCACGACTA-1,0.7397860223465835
PB,HC,HC,32,CTAGCCTCAAGGTTTC-1,0.33060625180112563
PB,HC,HC,32,CTAGTGAAGCACACAG-1,0.47041253639318265
PB,HC,HC,32,CTCAGAAGTTCGCGAC-1,0.6267612880032837
PB,HC,HC,32,CTCATTAAGACTGGGT-1,0.16050947022325618
PB,HC,HC,32,CTCCTAGGTAGCGATG-1,0.3918388531276332
PB,HC,HC,32,CTCCTAGGTCCTCCAT-1,-0.30405527223520673
PB,HC,HC,32,CTCGAAAGTCCCTACT-1,0.024645134900263082
PB,HC,HC,32,CTCGAAAGTGTCTGAT-1,0.40929776730669715
PB,HC,HC,32,CTCGTACAGATACACA-1,-0.30405527223520673
PB,HC,HC,32,CTCGTACAGTACCGGA-1,0.25951935649288244
PB,HC,HC,32,CTCTGGTCAATCGAAA-1,-0.30405527223520673
PB,HC,HC,32,CTCTGGTCAATCTACG-1,0.5458487207408419
PB,HC,HC,32,CTGCTGTTCACCTCGT-1,-0.30405527223520673
PB,HC,HC,32,CTGTGCTGTAACGTTC-1,0.21043893170445957
PB,HC,HC,32,CTTACCGAGAGTCTGG-1,0.23004021579063702
PB,HC,HC,32,GAATAAGGTACCGCTG-1,0.05701174204384295
PB,HC,HC,32,GACAGAGTCCACGTGG-1,0.6399474871310833
PB,HC,HC,32,GAGTCCGGTAGCGTGA-1,-0.1383795727829325
PB,HC,HC,32,GATCGTACATGCGCAC-1,0.020550407244468216
PB,HC,HC,32,GATCTAGAGGTGATTA-1,-0.09391165383607712
PB,HC,HC,32,GATCTAGCATGCAATC-1,1.2232624286529032
PB,HC,HC,32,GATGCTACAATCCGAT-1,-0.10487385609303192
PB,HC,HC,32,GCAGCCACAAGGACAC-1,-0.05761649753840473
PB,HC,HC,32,GCATGATAGAGACGAA-1,-0.11951095364125042
PB,HC,HC,32,GCCTCTAGTTGGTTTG-1,0.3121001844485754
PB,HC,HC,32,GCGCAGTTCGTTGACA-1,-0.30405527223520673
PB,HC,HC,32,GCTGCAGTCATGTAGC-1,0.14837463844964385
PB,HC,HC,32,GCTGGGTCATATACGC-1,0.14108227625070074
PB,HC,HC,32,GGAACTTGTGACTCAT-1,0.12576201361877076
PB,HC,HC,32,GGACATTGTGTTGAGG-1,0.5338967578956096
PB,HC,HC,32,GGACGTCTCTGTGCAA-1,0.7990586483372946
PB,HC,HC,32,GGCAATTAGATATACG-1,-0.13181233363241276
PB,HC,HC,32,GGCTGGTAGTGACTCT-1,-0.30405527223520673
PB,HC,HC,32,GGGAATGTCGCAAACT-1,-0.05340718291225214
PB,HC,HC,32,GGGCATCAGGCAATTA-1,0.5351307918594411
PB,HC,HC,32,GGGTCTGGTAACGACG-1,1.0247709107680312
PB,HC,HC,32,GGTGCGTCAGTTTACG-1,0.5743483692170662
PB,HC,HC,32,GGTGCGTTCGCCCTTA-1-1,-0.30405527223520673
PB,HC,HC,32,GTAACTGTCATCTGCC-1,-0.30405527223520673
PB,HC,HC,32,GTCAAGTTCCACGAAT-1,-0.30405527223520673
PB,HC,HC,32,GTCATTTCATGTTCCC-1,-0.13095496402362003
PB,HC,HC,32,GTGCTTCAGCATGGCA-1,0.7554463615350672
PB,HC,HC,32,GTGTTAGAGTCTCGGC-1,-0.30405527223520673
PB,HC,HC,32,GTTACAGTCCAAATGC-1,-0.30405527223520673
PB,HC,HC,32,GTTCGGGCAATGAATG-1,-0.2088437601841356
PB,HC,HC,32,GTTCTCGCATCCAACA-1,0.3249796163623912
PB,HC,HC,32,TACTCGCCACAGAGGT-1,-0.30405527223520673
PB,HC,HC,32,TAGTGGTAGATATGGT-1,0.5027040997669043
PB,HC,HC,32,TATCAGGTCGTGACAT-1,-0.30405527223520673
PB,HC,HC,32,TATCAGGTCTCTAAGG-1,0.0850094521757125
PB,HC,HC,32,TCAGGATTCCCAACGG-1,0.9105046836676945
PB,HC,HC,32,TCAGGATTCTGCGACG-1,0.7204863358439132
PB,HC,HC,32,TCAGGTACATTGTGCA-1,-0.30405527223520673
PB,HC,HC,32,TCGAGGCAGATGCGAC-1,-0.30405527223520673
PB,HC,HC,32,TCGCGAGCACAGCGTC-1,0.39907622161089595
PB,HC,HC,32,TCGGGACCAAAGGCGT-1,0.39621553845702534
PB,HC,HC,32,TCGGGACTCCGCATAA-1,0.4762773888708375
PB,HC,HC,32,TGACAACCACGACGAA-1,0.4610220531940305
PB,HC,HC,32,TGACAACGTGCTCTTC-1,-0.30405527223520673
PB,HC,HC,32,TGACGGCCACACATGT-1,0.7618448431480012
PB,HC,HC,32,TGACTTTGTGCGGTAA-1,0.22325500944408466
PB,HC,HC,32,TGCACCTCAATCCGAT-1,0.8060917446235781
PB,HC,HC,32,TGCCCATAGATCGGGT-1,-0.30405527223520673
PB,HC,HC,32,TGCCCTATCCTTAATC-1,-0.30405527223520673
PB,HC,HC,32,TGGTTAGCAAACGTGG-1,0.5407802824735454
PB,HC,HC,32,TTAGTTCAGGCGCTCT-1,0.5863152307146428
PB,HC,HC,32,TTTACTGCAGGACGTA-1,-0.13258472995002796
PB,HC,HC,32,TTTGCGCGTAAGCACG-1,-0.30405527223520673
CSF,HC,HC,PST45044,GSM4104132_AAACGGGAGATGTCGG-1,0.4675712587539064
CSF,HC,HC,PST45044,GSM4104132_AAGACCTTCATAGCAC-1,-0.010835602452692186
CSF,HC,HC,PST45044,GSM4104132_AAGGCAGAGAGCCCAA-1,0.48089445326607005
CSF,HC,HC,PST45044,GSM4104132_AAGGTTCAGTACGCGA-1,-0.30405527223520673
CSF,HC,HC,PST45044,GSM4104132_AATCCAGTCTATGTGG-1,-0.30405527223520673
CSF,HC,HC,PST45044,GSM4104132_AATCGGTCACCAACCG-1,-0.30405527223520673
CSF,HC,HC,PST45044,GSM4104132_ACACCAACACGACTCG-1,-0.1788648989310768
CSF,HC,HC,PST45044,GSM4104132_ACATCAGAGTGTGAAT-1,0.4868092018916323
CSF,HC,HC,PST45044,GSM4104132_ACATCAGCATCACCCT-1,0.11705349847509558
CSF,HC,HC,PST45044,GSM4104132_ACATGGTGTATAGGGC-1,0.11801198101407653
CSF,HC,HC,PST45044,GSM4104132_ACCGTAACACGACTCG-1,0.5337453674854729
CSF,HC,HC,PST45044,GSM4104132_ACGAGCCAGTATGACA-1,0.4321963579716127
CSF,HC,HC,PST45044,GSM4104132_ACGCCGATCTGAGTGT-1,-0.30405527223520673
CSF,HC,HC,PST45044,GSM4104132_ACGGGCTAGATGCCTT-1,-0.09008171439064634
CSF,HC,HC,PST45044,GSM4104132_ACGGGCTTCAGCTGGC-1,-0.30405527223520673
CSF,HC,HC,PST45044,GSM4104132_ACTATCTCAATGAATG-1,0.06688965280031414
CSF,HC,HC,PST45044,GSM4104132_ACTATCTGTCAACTGT-1,-0.30405527223520673
CSF,HC,HC,PST45044,GSM4104132_ACTGATGTCGTCACGG-1,0.1933429729007037
CSF,HC,HC,PST45044,GSM4104132_ACTTACTGTCCTGCTT-1,0.6402543629698796
CSF,HC,HC,PST45044,GSM4104132_ACTTTCAAGTATCTCG-1,-0.30405527223520673
CSF,HC,HC,PST45044,GSM4104132_ACTTTCAGTTCAGTAC-1,-0.30405527223520673
CSF,HC,HC,PST45044,GSM4104132_AGCTCTCTCTTGTACT-1,0.060588800039876586
CSF,HC,HC,PST45044,GSM4104132_AGGCCGTGTAAATGTG-1,-0.020198709109488715
CSF,HC,HC,PST45044,GSM4104132_AGGGAGTGTTTGACTG-1,-0.14839401688079631
CSF,HC,HC,PST45044,GSM4104132_AGGGATGGTACCGCTG-1,0.211743502244155
CSF,HC,HC,PST45044,GSM4104132_AGGTCCGAGTGCCAGA-1,-0.30405527223520673
CSF,HC,HC,PST45044,GSM4104132_CAACCTCGTGCAGTAG-1,0.04528401168787529
CSF,HC,HC,PST45044,GSM4104132_CAAGGCCAGTGAAGTT-1,0.21113225246392334
CSF,HC,HC,PST45044,GSM4104132_CAAGTTGCAGGCTGAA-1,-0.1665935419648543
CSF,HC,HC,PST45044,GSM4104132_CACACTCTCAATACCG-1,0.09002474953119402
CSF,HC,HC,PST45044,GSM4104132_CACAGGCCACAAGCCC-1,0.05764177421963298
CSF,HC,HC,PST45044,GSM4104132_CACCAGGCACCAGATT-1,-0.30405527223520673
CSF,HC,HC,PST45044,GSM4104132_CACCTTGTCTTACCGC-1,0.6849725419621825
CSF,HC,HC,PST45044,GSM4104132_CAGAGAGCACGGCTAC-1,-0.004134655494651703
CSF,HC,HC,PST45044,GSM4104132_CAGCATAAGGTCGGAT-1,0.988305698169146
CSF,HC,HC,PST45044,GSM4104132_CAGCCGAGTCTACCTC-1,-0.17058738640270535
CSF,HC,HC,PST45044,GSM4104132_CAGTAACCAAAGCGGT-1,-0.2117269350742794
CSF,HC,HC,PST45044,GSM4104132_CATATGGAGATAGTCA-1,-0.058895469119643114
CSF,HC,HC,PST45044,GSM4104132_CATGCCTAGCCGGTAA-1,0.6582380495549535
CSF,HC,HC,PST45044,GSM4104132_CCATTCGAGAGTACAT-1,-0.30405527223520673
CSF,HC,HC,PST45044,GSM4104132_CCATTCGGTCGCGAAA-1,0.08688582359120312
CSF,HC,HC,PST45044,GSM4104132_CCCAGTTTCCGAGCCA-1,0.5061115742798019
CSF,HC,HC,PST45044,GSM4104132_CCCATACGTTCCTCCA-1,0.9944367746719145
CSF,HC,HC,PST45044,GSM4104132_CCCATACTCTTCGGTC-1,0.648236558605289
CSF,HC,HC,PST45044,GSM4104132_CCGGGATAGTGCCAGA-1,-0.15323921724019515
CSF,HC,HC,PST45044,GSM4104132_CCGGGATGTGTTGGGA-1,0.2620544200823673
CSF,HC,HC,PST45044,GSM4104132_CCGGTAGTCTCCTATA-1,0.5083810654085636
CSF,HC,HC,PST45044,GSM4104132_CCTAAAGCAATCTGCA-1,-0.14345075314540479
CSF,HC,HC,PST45044,GSM4104132_CCTATTACATTCACTT-1,0.7399136375788398
CSF,HC,HC,PST45044,GSM4104132_CCTCTGAGTATGAATG-1,-0.30405527223520673
CSF,HC,HC,PST45044,GSM4104132_CCTTTCTCAGTGAGTG-1,0.03850582566055437
CSF,HC,HC,PST45044,GSM4104132_CGAACATGTCGGGTCT-1,0.21892095207714385
CSF,HC,HC,PST45044,GSM4104132_CGACTTCAGGCCGAAT-1,-0.15695557829167178
CSF,HC,HC,PST45044,GSM4104132_CGAGAAGCAGGGATTG-1,0.19583873387355716
CSF,HC,HC,PST45044,GSM4104132_CGAGCACTCAAAGACA-1,-0.30405527223520673
CSF,HC,HC,PST45044,GSM4104132_CGATGGCCAATGAATG-1,0.9152815174601338
CSF,HC,HC,PST45044,GSM4104132_CGATGTACATCAGTCA-1,-0.06568523860976648
CSF,HC,HC,PST45044,GSM4104132_CGATTGACACAGGTTT-1,0.37897758851691865
CSF,HC,HC,PST45044,GSM4104132_CGCTGGAAGTTCCACA-1,0.15882243245163627
CSF,HC,HC,PST45044,GSM4104132_CGCTGGATCTATGTGG-1,0.5230304924066059
CSF,HC,HC,PST45044,GSM4104132_CGGGTCATCAGCTCGG-1,0.8709415463284149
CSF,HC,HC,PST45044,GSM4104132_CGGTTAACAACTGGCC-1,0.05621310959110304
CSF,HC,HC,PST45044,GSM4104132_CGGTTAAGTTCAGACT-1,0.39993859372791946
CSF,HC,HC,PST45044,GSM4104132_CGTAGCGCAGTGGAGT-1,0.015475198170785322
CSF,HC,HC,PST45044,GSM4104132_CGTAGCGTCCGTAGTA-1,-0.30405527223520673
CSF,HC,HC,PST45044,GSM4104132_CGTCTACCACCAACCG-1,-0.11845510239128557
CSF,HC,HC,PST45044,GSM4104132_CGTCTACTCTCTGCTG-1,-0.30405527223520673
CSF,HC,HC,PST45044,GSM4104132_CGTTCTGTCTGCAGTA-1,0.19164079338445145
CSF,HC,HC,PST45044,GSM4104132_CTCAGAATCTGCAGTA-1,0.7663387469017868
CSF,HC,HC,PST45044,GSM4104132_CTCCTAGTCCCTTGCA-1,0.14008419027776048
CSF,HC,HC,PST45044,GSM4104132_CTCTACGAGCAGGCTA-1,-0.30405527223520673
CSF,HC,HC,PST45044,GSM4104132_CTCTACGAGCATGGCA-1,0.39357414265641893
CSF,HC,HC,PST45044,GSM4104132_CTGATCCCAATAGCAA-1,0.39174513061366717
CSF,HC,HC,PST45044,GSM4104132_CTGGTCTCACGGCTAC-1,-0.30405527223520673
CSF,HC,HC,PST45044,GSM4104132_CTGTTTACAGCGTTCG-1,-0.18412295256653932
CSF,HC,HC,PST45044,GSM4104132_CTTACCGCAGGACCCT-1,-0.30405527223520673
CSF,HC,HC,PST45044,GSM4104132_CTTTGCGTCCAGTATG-1,-0.30405527223520673
CSF,HC,HC,PST45044,GSM4104132_GAAATGACAAGCGAGT-1,-0.1101120192241654
CSF,HC,HC,PST45044,GSM4104132_GAACATCCATACGCTA-1,0.44709417951019675
CSF,HC,HC,PST45044,GSM4104132_GACCTGGCAGTCGATT-1,-0.30405527223520673
CSF,HC,HC,PST45044,GSM4104132_GACCTGGGTGCAGTAG-1,-0.30405527223520673
CSF,HC,HC,PST45044,GSM4104132_GACGTGCCATAGACTC-1,0.0262424092190146
CSF,HC,HC,PST45044,GSM4104132_GACTGCGGTGTCTGAT-1,-0.023069900020210872
CSF,HC,HC,PST45044,GSM4104132_GATCGTATCAACCAAC-1,0.24652052343098485
CSF,HC,HC,PST45044,GSM4104132_GATGAGGGTTAAGATG-1,0.843918051723341
CSF,HC,HC,PST45044,GSM4104132_GCAAACTAGCAGACTG-1,-0.30405527223520673
CSF,HC,HC,PST45044,GSM4104132_GCAGCCACACATTTCT-1,-0.16901183874547374
CSF,HC,HC,PST45044,GSM4104132_GCATGCGAGGGTCGAT-1,0.7692468987576476
CSF,HC,HC,PST45044,GSM4104132_GCCAAATTCAAGGCTT-1,0.24017183410525597
CSF,HC,HC,PST45044,GSM4104132_GCGCCAAAGGCATGGT-1,0.1435069056626089
CSF,HC,HC,PST45044,GSM4104132_GCTCCTACAGCTGTGC-1,-0.13442135481121942
CSF,HC,HC,PST45044,GSM4104132_GCTGGGTCAGTACACT-1,0.2140072034302156
CSF,HC,HC,PST45044,GSM4104132_GGAATAAAGCGATAGC-1,-0.01495666284553838
CSF,HC,HC,PST45044,GSM4104132_GGAATAAAGTTTGCGT-1,-0.18848743673838758
CSF,HC,HC,PST45044,GSM4104132_GGAATAAGTCCAGTTA-1,0.1662610563932851
CSF,HC,HC,PST45044,GSM4104132_GGAATAAGTGAGGGTT-1,0.8309768867707561
CSF,HC,HC,PST45044,GSM4104132_GGATGTTAGAAACCTA-1,0.12893323251198383
CSF,HC,HC,PST45044,GSM4104132_GGCAATTAGGAGTTTA-1,0.6388059116642177
CSF,HC,HC,PST45044,GSM4104132_GGGCACTGTTTAGGAA-1,-0.19445354437709333
CSF,HC,HC,PST45044,GSM4104132_GTAGGCCGTTCCCTTG-1,-0.19106959995594405
CSF,HC,HC,PST45044,GSM4104132_GTCACGGGTACCGAGA-1,-0.1778018308293177
CSF,HC,HC,PST45044,GSM4104132_GTCTTCGTCAGTTGAC-1,-0.30405527223520673
CSF,HC,HC,PST45044,GSM4104132_GTGCATAAGTCGATAA-1,-0.1651781189239505
CSF,HC,HC,PST45044,GSM4104132_GTGTTAGCACGAGAGT-1,-0.06687027193374588
CSF,HC,HC,PST45044,GSM4104132_GTTCTCGAGGGAAACA-1,0.5422344441091204
CSF,HC,HC,PST45044,GSM4104132_GTTTCTATCTCTTATG-1,-0.30405527223520673
CSF,HC,HC,PST45044,GSM4104132_GTTTCTATCTGTACGA-1,-0.05115867416861475
CSF,HC,HC,PST45044,GSM4104132_TACTCGCGTTACTGAC-1,0.20171345848473582
CSF,HC,HC,PST45044,GSM4104132_TAGCCGGCATCTGGTA-1,-0.10998810967102483
CSF,HC,HC,PST45044,GSM4104132_TATCAGGGTAAAGGAG-1,-0.16952749111239235
CSF,HC,HC,PST45044,GSM4104132_TCAGCTCAGTCAAGCG-1,-0.18744269289764803
CSF,HC,HC,PST45044,GSM4104132_TCGGTAACATGGATGG-1,0.20114411976971386
CSF,HC,HC,PST45044,GSM4104132_TCGTAGACAGCCTGTG-1,0.8328075334753782
CSF,HC,HC,PST45044,GSM4104132_TCTTTCCAGCCTCGTG-1,0.1902675986127229
CSF,HC,HC,PST45044,GSM4104132_TCTTTCCTCCCAAGAT-1,1.1628161862665063
CSF,HC,HC,PST45044,GSM4104132_TGACAACCATCCGGGT-1,0.09098497409141701
CSF,HC,HC,PST45044,GSM4104132_TGAGCATTCATCGCTC-1,-0.30405527223520673
CSF,HC,HC,PST45044,GSM4104132_TGAGCCGCAAGACACG-1,0.05135035802023285
CSF,HC,HC,PST45044,GSM4104132_TGAGGGACAGCTCGCA-1,0.9570915382974786
CSF,HC,HC,PST45044,GSM4104132_TGCCCTATCTTCGGTC-1,-0.30405527223520673
CSF,HC,HC,PST45044,GSM4104132_TGGTTAGAGCGTGTCC-1,-0.04584359281064142
CSF,HC,HC,PST45044,GSM4104132_TGGTTAGCATTAACCG-1,-0.30405527223520673
CSF,HC,HC,PST45044,GSM4104132_TGTGGTAAGGGAGTAA-1,0.585876140478994
CSF,HC,HC,PST45044,GSM4104132_TGTTCCGCAATCTGCA-1,0.25784332075149535
CSF,HC,HC,PST45044,GSM4104132_TTATGCTTCGCAGGCT-1,-0.30405527223520673
CSF,HC,HC,PST45044,GSM4104132_TTCTCAATCTCTTGAT-1,0.12738221195022345
CSF,HC,HC,PST45044,GSM4104132_TTGCCGTAGACCCACC-1,-0.10728185358579456
CSF,HC,HC,PST45044,GSM4104132_TTGGCAATCACTATTC-1,-0.19112008291139818
CSF,HC,HC,PST45044,GSM4104132_TTTGTCAAGTACGTTC-1,-0.13490255279606367
CSF,HC,HC,PST83775,GSM4104128_ACAGCCGAGAAACCGC-1,0.13227527685823795
CSF,HC,HC,PST83775,GSM4104128_ACGAGCCCATATGCTG-1,-0.30405527223520673
CSF,HC,HC,PST83775,GSM4104128_ACTGTCCAGTCAATAG-1,-0.30405527223520673
CSF,HC,HC,PST83775,GSM4104128_ACTTACTTCCCTTGTG-1,-0.30405527223520673
CSF,HC,HC,PST83775,GSM4104128_AGCAGCCCAAGTAGTA-1,-0.30405527223520673
CSF,HC,HC,PST83775,GSM4104128_AGCGGTCAGACAATAC-1,-0.30405527223520673
CSF,HC,HC,PST83775,GSM4104128_ATTTCTGAGAGGACGG-1,-0.14975260852168487
CSF,HC,HC,PST83775,GSM4104128_CACATAGAGTCTCCTC-1,0.5336049749352628
CSF,HC,HC,PST83775,GSM4104128_CAGCCGACAAGGACAC-1,-0.07035861300784496
CSF,HC,HC,PST83775,GSM4104128_CATCAAGCACAACGCC-1,-0.30405527223520673
CSF,HC,HC,PST83775,GSM4104128_CTCGGGAAGCGCCTCA-1,0.7175871749074407
CSF,HC,HC,PST83775,GSM4104128_CTCTGGTCAAAGCGGT-1,0.03158045573820353
CSF,HC,HC,PST83775,GSM4104128_CTGCCTATCTGGTGTA-1,-0.30405527223520673
CSF,HC,HC,PST83775,GSM4104128_GAAATGAGTTCGTGAT-1,0.046630584558394306
CSF,HC,HC,PST83775,GSM4104128_GCGCAGTAGCGACGTA-1,0.09843034639382785
CSF,HC,HC,PST83775,GSM4104128_GTTAAGCCAATGGACG-1,-0.17850530404321427
CSF,HC,HC,PST83775,GSM4104128_TATCAGGCAATAGCGG-1,-0.13672287558301802
CSF,HC,HC,PST83775,GSM4104128_TCTCATAAGACAAGCC-1,0.09312359289259664
CSF,HC,HC,PST83775,GSM4104128_TGGCTGGGTCATCGGC-1,-0.045682542277716114
CSF,HC,HC,PST83775,GSM4104128_TTAACTCTCCCTAATT-1,-0.30405527223520673
PB,HC,HC,PST83775,GSM4104139_AAATGCCGTTACGTCA-1,-0.07139655241491204
PB,HC,HC,PST83775,GSM4104139_ACACCCTTCGGCCGAT-1,-0.30405527223520673
PB,HC,HC,PST83775,GSM4104139_ACGGGTCAGCAGACTG-1,-0.17555521004892066
PB,HC,HC,PST83775,GSM4104139_CAGATCAGTAGCGCAA-1,-0.1697410213227175
PB,HC,HC,PST83775,GSM4104139_CCACCTAAGTGGTAAT-1,-0.16993252987137572
PB,HC,HC,PST83775,GSM4104139_CGTCACTAGGCTATCT-1,-0.30405527223520673
PB,HC,HC,PST83775,GSM4104139_CTCGTACAGCACCGCT-1,-0.30405527223520673
PB,HC,HC,PST83775,GSM4104139_CTTGGCTGTAGGGACT-1,0.18734980905003626
PB,HC,HC,PST83775,GSM4104139_GAAATGAAGTCAATAG-1,-0.30405527223520673
PB,HC,HC,PST83775,GSM4104139_GACGTGCTCACGCATA-1,-0.16839037635334272
PB,HC,HC,PST83775,GSM4104139_GCAGCCATCCCTCTTT-1,0.13383444552859522
PB,HC,HC,PST83775,GSM4104139_GGGCACTAGTCCATAC-1,-0.30405527223520673
PB,HC,HC,PST83775,GSM4104139_TCCCGATAGCTGATAA-1,-0.30405527223520673
PB,HC,HC,PST83775,GSM4104139_TTAACTCGTTGGTTTG-1,-0.30405527223520673
PB,HC,HC,PST83775,GSM4104139_TTCTTAGTCCAACCAA-1,0.014781062152063762
PB,HC,HC,PST83775,GSM4104139_TTTACTGGTTGAACTC-1,0.11792402105547861
PB,HC,HC,PST95809,GSM4104141_ACTTTCATCTCTAGGA-1,-0.13367441624103077
PB,HC,HC,PST95809,GSM4104141_ATTGGACAGACAAAGG-1,0.20121431348021052
PB,HC,HC,PST95809,GSM4104141_CCGTACTGTACTCTCC-1,0.0037159269062964706
PB,HC,HC,PST95809,GSM4104141_CGTAGCGAGTCGTACT-1,0.00815733731144254
PB,HC,HC,PST95809,GSM4104141_GCTCCTATCAACACCA-1,-0.17343586601212785
PB,HC,HC,PST95809,GSM4104141_GTCATTTCAAAGAATC-1,-0.14985392143639292
PB,HC,HC,PST95809,GSM4104141_GTGCATACAAACAACA-1,-0.011289102034125318
PB,HC,HC,PST95809,GSM4104141_TAAACCGTCTTGCAAG-1,0.325719967680988
PB,HC,HC,PST95809,GSM4104141_TATTACCGTACGAAAT-1,-0.18977524565085144
PB,HC,HC,PST95809,GSM4104141_TCATTACAGATACACA-1,0.1270106655906013
PB,HC,HC,PST95809,GSM4104141_TCGCGAGCAAACCTAC-1,0.3889284118867791
PB,HC,HC,PST95809,GSM4104141_TGGGAAGGTCTGGTCG-1,0.2230010810615603
CSF,HC,HC,PTC32190,GSM4104129_AACACGTAGACTAGAT-1,0.6088638346757874
CSF,HC,HC,PTC32190,GSM4104129_AACACGTAGCCACGTC-1,-0.01596316043863682
CSF,HC,HC,PTC32190,GSM4104129_AACTCAGTCTAACTGG-1,-0.02930268917159356
CSF,HC,HC,PTC32190,GSM4104129_ACCGTAAGTAAGTGGC-1,-0.30405527223520673
CSF,HC,HC,PTC32190,GSM4104129_ACCGTAAGTGCTGTAT-1,-0.30405527223520673
CSF,HC,HC,PTC32190,GSM4104129_ACTGTCCGTAATCGTC-1,-0.1897465845875181
CSF,HC,HC,PTC32190,GSM4104129_CAAGTTGAGAACTCGG-1,0.0173520717057072
CSF,HC,HC,PTC32190,GSM4104129_CACACTCGTCCGAACC-1,-0.30405527223520673
CSF,HC,HC,PTC32190,GSM4104129_CACATAGAGCACAGGT-1,-0.07394237945901001
CSF,HC,HC,PTC32190,GSM4104129_CAGCAGCGTGTTCTTT-1,-0.05195774207698619
CSF,HC,HC,PTC32190,GSM4104129_CAGCATAGTCTTCTCG-1,0.11599526031337168
CSF,HC,HC,PTC32190,GSM4104129_CATCGGGAGCGTCTAT-1,-0.30405527223520673
CSF,HC,HC,PTC32190,GSM4104129_CATTCGCAGTGTGAAT-1,0.04323572354843164
CSF,HC,HC,PTC32190,GSM4104129_CGACCTTAGAATTGTG-1,-0.11144607401232938
CSF,HC,HC,PTC32190,GSM4104129_CGAGAAGAGGTCATCT-1,-0.30405527223520673
CSF,HC,HC,PTC32190,GSM4104129_CGATCGGGTCATATCG-1,-0.0761199299684492
CSF,HC,HC,PTC32190,GSM4104129_CGATGGCTCTAACTCT-1,-0.30405527223520673
CSF,HC,HC,PTC32190,GSM4104129_CTACACCAGCCTTGAT-1,-0.02154670708943429
CSF,HC,HC,PTC32190,GSM4104129_CTTACCGAGACCTAGG-1,0.1074561583548461
CSF,HC,HC,PTC32190,GSM4104129_GCACATACATCAGTAC-1,-0.30405527223520673
CSF,HC,HC,PTC32190,GSM4104129_GCCAAATGTAGTAGTA-1,-0.1211649893346338
CSF,HC,HC,PTC32190,GSM4104129_GGCTCGACAGACTCGC-1,-0.30405527223520673
CSF,HC,HC,PTC32190,GSM4104129_GGGTTGCCATGCTGGC-1,0.030610371714241365
CSF,HC,HC,PTC32190,GSM4104129_GTCACGGGTAGAGCTG-1,-0.16989002594915098
CSF,HC,HC,PTC32190,GSM4104129_GTTACAGCACATCCAA-1,-0.17735592155844662
CSF,HC,HC,PTC32190,GSM4104129_TACCTTACAACAACCT-1,-0.30405527223520673
CSF,HC,HC,PTC32190,GSM4104129_TACCTTAGTCCAAGTT-1,-0.17073425231920103
CSF,HC,HC,PTC32190,GSM4104129_TACCTTATCACGAAGG-1,-0.30405527223520673
CSF,HC,HC,PTC32190,GSM4104129_TCAGCTCTCACTTCAT-1,-0.06095518868644158
CSF,HC,HC,PTC32190,GSM4104129_TGCTACCGTGTAATGA-1,-0.30405527223520673
CSF,HC,HC,PTC32190,GSM4104129_TGGCCAGCATCACGTA-1,0.22504067907058628
CSF,HC,HC,PTC32190,GSM4104129_TGTTCCGCAAGAAGAG-1,-0.09425681780612026
PB,HC,HC,PTC32190,GSM4104140_AGCGGTCTCCTGCAGG-1,0.13107121674109662
PB,HC,HC,PTC32190,GSM4104140_AGGGATGCATAGGATA-1,0.3250162742133607
PB,HC,HC,PTC32190,GSM4104140_CAAGATCCAATCTACG-1,-0.13684658643449485
PB,HC,HC,PTC32190,GSM4104140_CACCTTGCAATCACAC-1,-0.30405527223520673
PB,HC,HC,PTC32190,GSM4104140_GAACATCCATCAGTAC-1,-0.30405527223520673
PB,HC,HC,PTC32190,GSM4104140_GGGACCTAGGTGTTAA-1,-0.026659273627522868
PB,HC,HC,PTC32190,GSM4104140_GTAGGCCGTCAGGACA-1,-0.30405527223520673
PB,HC,HC,PTC32190,GSM4104140_TCTTTCCTCAGTACGT-1,-0.30405527223520673
CSF,HC,HC,PTC41540,GSM4104131_AAACGGGCACTTAAGC-1,-0.16137691454417347
CSF,HC,HC,PTC41540,GSM4104131_AACTCAGCACCACGTG-1,-0.30405527223520673
CSF,HC,HC,PTC41540,GSM4104131_ACGGAGAGTGCTGTAT-1,-0.30405527223520673
CSF,HC,HC,PTC41540,GSM4104131_ACGTCAAGTCGGCTCA-1,-0.30405527223520673
CSF,HC,HC,PTC41540,GSM4104131_AGTTGGTCACATGGGA-1,0.027657530395570444
CSF,HC,HC,PTC41540,GSM4104131_CCCTCCTGTTGCGTTA-1,0.31700598511982825
CSF,HC,HC,PTC41540,GSM4104131_CCTTTCTAGGGAACGG-1,0.014539380191467102
CSF,HC,HC,PTC41540,GSM4104131_CTACCCACATTACCTT-1,-0.30405527223520673
CSF,HC,HC,PTC41540,GSM4104131_GACGTTACATTCTCAT-1,-0.059061371904815675
CSF,HC,HC,PTC41540,GSM4104131_GGCCGATCAGCTGTGC-1,0.35378605189343465
CSF,HC,HC,PTC41540,GSM4104131_GGTGTTAGTCGTTGTA-1,0.023144135454651913
CSF,HC,HC,PTC41540,GSM4104131_GTCCTCACATCCTAGA-1,0.025113448329471568
CSF,HC,HC,PTC41540,GSM4104131_TAGAGCTTCTTCGGTC-1,-0.30405527223520673
CSF,HC,HC,PTC41540,GSM4104131_TCTTTCCTCCATGAGT-1,0.3279368955128253
CSF,HC,HC,PTC41540,GSM4104131_TTTGGTTTCTGATACG-1,0.007522176233179333
PB,HC,HC,PTC41540,GSM4104142_AACACGTAGCTCTCGG-1,0.11789827739326865
PB,HC,HC,PTC41540,GSM4104142_AGCGGTCGTACCATCA-1,-0.30405527223520673
PB,HC,HC,PTC41540,GSM4104142_AGCTCTCCATTGGTAC-1,-0.10818990115719533
PB,HC,HC,PTC41540,GSM4104142_CAGCGACTCAGGCAAG-1,-0.30405527223520673
PB,HC,HC,PTC41540,GSM4104142_CCTAGCTAGACTAGAT-1,0.6584471950736012
PB,HC,HC,PTC41540,GSM4104142_CGAATGTTCAAACGGG-1,-0.30405527223520673
PB,HC,HC,PTC41540,GSM4104142_CGATCGGGTTATCGGT-1,-0.2282412423841302
PB,HC,HC,PTC41540,GSM4104142_CTCACACAGAAGATTC-1,-0.30405527223520673
PB,HC,HC,PTC41540,GSM4104142_CTCGAGGGTCTCATCC-1,-0.22529651495193134
PB,HC,HC,PTC41540,GSM4104142_CTCGTACCAGGTGCCT-1,-0.06694120048507356
PB,HC,HC,PTC41540,GSM4104142_CTCTGGTTCATGTCTT-1,-0.004608552802036544
PB,HC,HC,PTC41540,GSM4104142_CTGCGGACAGCAGTTT-1,0.19317961874373696
PB,HC,HC,PTC41540,GSM4104142_CTGCTGTTCAACGAAA-1,-0.30405527223520673
PB,HC,HC,PTC41540,GSM4104142_CTTAACTCATCCAACA-1,0.40858100117909446
PB,HC,HC,PTC41540,GSM4104142_GATCTAGAGTCCGGTC-1,-0.30405527223520673
PB,HC,HC,PTC41540,GSM4104142_TCGCGTTCAAGGACTG-1,-0.30405527223520673
PB,HC,HC,PTC41540,GSM4104142_TCTATTGAGAATCTCC-1,-0.16864380436887513
PB,HC,HC,PTC41540,GSM4104142_TGCTGCTTCGCTTGTC-1,-0.1448174358002524
PB,HC,HC,PTC41540,GSM4104142_TTCCCAGCAATAGCGG-1,-0.04271379625509064
PB,HC,HC,PTC41540,GSM4104142_TTCGAAGTCCAATGGT-1,0.0057372382873648
CSF,HC,HC,PTC85037,GSM4104133_ACTTTCAAGCGAAGGG-1,-0.30405527223520673
CSF,HC,HC,PTC85037,GSM4104133_AGCGGTCAGGTGATTA-1,-0.30405527223520673
CSF,HC,HC,PTC85037,GSM4104133_AGGTCATAGAAACGCC-1,-0.30405527223520673
CSF,HC,HC,PTC85037,GSM4104133_ATCATGGAGAAACCTA-1,0.0017744975400759224
CSF,HC,HC,PTC85037,GSM4104133_ATCCGAAGTAAATGTG-1,-0.12336178088141636
CSF,HC,HC,PTC85037,GSM4104133_ATCTGCCGTCACTGGC-1,-0.18759983686075346
CSF,HC,HC,PTC85037,GSM4104133_CAAGGCCAGAAACCTA-1,-0.30405527223520673
CSF,HC,HC,PTC85037,GSM4104133_CATCAGAAGTGGAGTC-1,-0.30405527223520673
CSF,HC,HC,PTC85037,GSM4104133_CTACATTTCTGTCTCG-1,-0.30405527223520673
CSF,HC,HC,PTC85037,GSM4104133_GACACGCGTACAAGTA-1,-0.13550847752420167
CSF,HC,HC,PTC85037,GSM4104133_GATCGTAAGATCACGG-1,0.04736713305359138
CSF,HC,HC,PTC85037,GSM4104133_GGAAAGCAGTCCGGTC-1,-0.072466946808586
CSF,HC,HC,PTC85037,GSM4104133_TACCTATCAAACAACA-1,-0.30405527223520673
CSF,HC,HC,PTC85037,GSM4104133_TCATTACGTGAGCGAT-1,-0.21050089610014702
CSF,HC,HC,PTC85037,GSM4104133_TCTTCGGGTTGGGACA-1,-0.15825879296644313
CSF,HC,HC,PTC85037,GSM4104133_TGACGGCCAGGCGATA-1,-0.30405527223520673
PB,HC,HC,PTC85037,GSM4104143_CATCAGAAGTATCTCG-1,-0.18761526612530452
PB,HC,HC,PTC85037,GSM4104143_CTTAACTTCTGACCTC-1,0.850871856708865
PB,HC,HC,PTC85037,GSM4104143_GACTGCGCAGATCCAT-1,0.3273306747813486
PB,HC,HC,PTC85037,GSM4104143_GCACATATCGGATGGA-1,0.2500795270152762
PB,HC,HC,PTC85037,GSM4104143_GGTGAAGCAAATCCGT-1,-0.30405527223520673
PB,HC,HC,PTC85037,GSM4104143_GTTAAGCAGGGAAACA-1,0.06602228902886208
PB,HC,HC,PTC85037,GSM4104143_TACTTACGTTCCCGAG-1,-0.09862068335660086
PB,HC,HC,PTC85037,GSM4104143_TAGTTGGAGGACCACA-1,-0.12411628565608689
PB,HC,HC,PTC85037,GSM4104143_TCATTACGTAGCCTCG-1,-0.30405527223520673
PB,HC,HC,PTC85037,GSM4104143_TTAGGACCAAGCTGGA-1,-0.30405527223520673
PB,HC,HC,PTC85037,GSM4104143_TTCTTAGTCTCGTATT-1,1.7503103026469007
