gene,n_HC,n_MS,mean_HC,mean_MS,log2FC,pvalue,padj,is_zinc,padj_zinc_panel
ZC3H12B,8,18,0.06545418,0.20015608,0.19433377414291556,0.023599735,0.2000932190567255,False,
PRKCA,8,18,0.108106114,0.36216807,0.3665339400634029,0.0132883135,0.2000932190567255,False,
IFNG-AS1,8,18,0.13551398,0.3236498,0.2714226111328888,0.034453038,0.2000932190567255,False,
LIMS1,8,18,0.26626065,0.3842369,0.17020374831360918,0.007629899,0.2000932190567255,False,
RUFY1,8,18,0.07424232,0.13738865,0.09110088699287565,0.022075498,0.2000932190567255,False,
SLC30A9,8,18,0.06542563,0.17092675,0.1522059466323828,0.013411737,0.2000932190567255,True,0.10779576189815998
LINC01934,8,18,0.07503435,0.28540525,0.3035010516479648,0.019033454,0.2000932190567255,False,
SLC39A11,8,18,0.04750562,0.16956614,0.17609611040831394,0.02590453,0.2000932190567255,True,0.10779576189815998
SLC39A14,8,18,0.003980738,0.010673774,0.009656010271969566,0.03079879,0.2000932190567255,True,0.10779576189815998
FHIT,8,18,0.13511628,0.27882957,0.20733445866958783,0.035183307,0.2000932190567255,False,
SLC39A9,8,18,0.042464133,0.115583524,0.10548897706188957,0.030232033,0.2000932190567255,True,0.10779576189815998
TALAM1,8,18,0.32338244,0.97443706,0.9392732726934794,0.03433573,0.2000932190567255,False,
TEX14,8,18,0.11057389,0.37222257,0.3774792599296138,0.023095392,0.2000932190567255,False,
MTSS1,8,18,0.083154716,0.1665647,0.12033517516822363,0.02590453,0.2000932190567255,False,
TOX,8,18,0.08964597,0.2654854,0.25368268668771554,0.011103039,0.2000932190567255,False,
FCHSD2,8,18,0.12858808,0.40983155,0.40574856419988625,0.0132883135,0.2000932190567255,False,
PLCB1,8,18,0.08942051,0.29758525,0.3003182332219409,0.02091547,0.2000932190567255,False,
AFF3,8,18,0.09195854,0.2245484,0.1912867360197478,0.022075498,0.2000932190567255,False,
ARHGAP26,8,18,0.12293619,0.38245994,0.3744136261823215,0.018732937,0.2000932190567255,False,
WWOX,8,18,0.14182447,0.4624858,0.46261647652117066,0.018732937,0.2000932190567255,False,
ATP5L,8,18,1.3219154,0.5440108,-1.1222790655720143,0.022436915,0.2000932190567255,False,
BACH2,8,18,0.15922637,0.43249124,0.3942378943646266,0.00501552,0.2000932190567255,False,
C14orf2,8,18,0.8414756,0.3202794,-0.7519272396464451,0.036380585,0.2000932190567255,False,
BCL2,8,18,0.22323146,0.5042168,0.4053761357694428,0.030250756,0.2000932190567255,False,
VCL,8,18,0.116310686,0.2112397,0.13695361149603621,0.040736746,0.21509001910686493,False,
RPL31,8,18,3.2423444,2.746902,-0.7147722797366949,0.046987887,0.23733496831523046,False,
SIPA1L1,8,18,0.097145654,0.27552974,0.2573538498508644,0.04854579,0.23733496831523046,False,
H3F3B,8,18,1.3899109,0.56296927,-1.1930246449523831,0.057117913,0.269270160900695,False,
ODC1,8,18,0.1161286,0.20021689,0.12131375645163302,0.06268359,0.2853184085467766,False,
TPM4,8,18,0.31000894,0.4254281,0.1665146344612765,0.070399895,0.299767296160421,False,
HBB,8,18,1.3210905,0.36228007,-1.3832709934235679,0.070399895,0.299767296160421,False,
ANK3,8,18,0.12849748,0.44048005,0.45009570958173106,0.079968,0.3015935923371996,False,
MT1X,8,18,0.29159057,0.2351479,-0.08142957160859375,0.079968,0.3015935923371996,True,0.22391039431095122
TLN1,8,18,0.4783445,0.5152587,0.05325597568352646,0.079968,0.3015935923371996,False,
LYN,8,18,0.12608947,0.22508714,0.14282344386347795,0.079968,0.3015935923371996,False,
ATP5E,8,18,1.5946454,0.68153435,-1.3173407562847066,0.08686596,0.30672596280391395,False,
TUBA1C,8,18,0.15534306,0.20904285,0.07747242279489139,0.090496235,0.30672596280391395,False,
SLC26A3,8,18,0.08655311,0.32010522,0.3369444754672762,0.09062358,0.30672596280391395,False,
NT5C3A,8,18,0.21593755,0.3066843,0.13091985816449087,0.090496235,0.30672596280391395,False,
SLC39A10,8,18,0.12465087,0.1793691,0.07894172432579076,0.1147186,0.3605441749095917,True,0.26767673591772717
HSPA1A,8,18,0.09984424,0.13679825,0.053313364144336246,0.1147186,0.3605441749095917,False,
ENSG00000282885,8,18,0.08884592,0.21686362,0.1846904919307243,0.10929321,0.3605441749095917,False,
NELL2,8,18,0.20743324,0.31846893,0.1601906389085688,0.12852283,0.3945351936096369,False,
IFITM3,8,18,0.3031223,0.40847105,0.15198609906000174,0.14350355,0.4137339076170555,False,
TYROBP,8,18,0.6430759,0.5161025,-0.18318388091350338,0.15974012,0.4137339076170555,False,
RPL7,8,18,3.1672974,2.7381685,-0.6191021146800334,0.15974012,0.4137339076170555,False,
MTRNR2L8,8,18,0.91498923,0.44388115,-0.6796652892334188,0.16298608,0.4137339076170555,False,
ILK,8,18,0.2188826,0.27560756,0.08183680502800553,0.15974012,0.4137339076170555,False,
CLIC3,8,18,0.36009556,0.29108617,-0.09955950971026116,0.15974012,0.4137339076170555,False,
ENSG00000289901,8,18,0.38332212,0.84926087,0.6722075195527294,0.15277387,0.4137339076170555,False,
GNB2L1,8,18,1.8006129,0.83692664,-1.3903054278091584,0.16298608,0.4137339076170555,False,
CTSA,8,18,0.20323437,0.28495634,0.11789986858525922,0.15974012,0.4137339076170555,False,
CD151,8,18,0.06596147,0.09766242,0.04573479814924707,0.1772428,0.4414348995910501,False,
H3F3A,8,18,1.4240701,0.6390371,-1.1325632841283084,0.18296365,0.44724448853068877,False,
HLA-DRB5,8,18,0.3362531,0.4441676,0.15568772465018468,0.1960884,0.4622083795922143,False,
MT-ND2,8,18,3.2796073,2.9479709,-0.478450231255506,0.1960884,0.4622083795922143,False,
RPS20,8,18,2.8554146,2.3071413,-0.7909912069807726,0.2162705,0.4838594380071608,False,
AIF1,8,18,0.22122376,0.1880026,-0.04792799615545936,0.2162705,0.4838594380071608,False,
RNF11,8,18,0.13681602,0.17973252,0.061915409643625664,0.2162705,0.4838594380071608,False,
PDE4D,8,18,0.13607037,0.25916633,0.17758993021587693,0.23785697,0.4905799990519881,False,
MT1F,8,18,0.15021953,0.13656113,-0.0197049122226063,0.23785697,0.4905799990519881,True,0.47571393847465515
RPS17,8,18,2.7929232,2.225715,-0.8183085872785194,0.23785697,0.4905799990519881,False,
FTL,8,18,2.772592,2.6719744,-0.14516058059954673,0.23785697,0.4905799990519881,False,
FCGR3A,8,18,0.19503179,0.26371917,0.099094941574618,0.23785697,0.4905799990519881,False,
YWHAH,8,18,0.14873071,0.21421993,0.09448096951943921,0.26083115,0.5216622948646545,False,
KLRB1,8,18,0.7734846,0.6821109,-0.1318243579210411,0.26083115,0.5216622948646545,False,
CD8A,8,18,0.4661265,0.5749488,0.15699737253650498,0.28524685,0.5619788668048916,False,
PRF1,8,18,0.52172315,0.6241039,0.14770420400580767,0.31106943,0.586588065964835,False,
SLC39A6,8,18,0.0898381,0.08918982,-0.0009352739021389902,0.31106943,0.586588065964835,True,0.5443715006113052
NHSL2,8,18,0.6535417,0.3536564,-0.43264299616349866,0.31106943,0.586588065964835,False,
ADGRG1,8,18,0.105347216,0.14095941,0.051377538175140146,0.31722778,0.5897755925084504,False,
RPL13A,8,18,3.8801532,3.4502568,-0.6202093389862882,0.36701092,0.6546681297791971,False,
CST7,8,18,0.87802905,0.97243476,0.1361986506544112,0.36701092,0.6546681297791971,False,
GPX1,8,18,0.7319139,0.64621204,-0.12364168136696496,0.36701092,0.6546681297791971,False,
TMSB4X,8,18,4.592613,4.4432755,-0.21544885811127146,0.39710423,0.6807501145771571,False,
LINC02446,8,18,0.10038561,0.14342259,0.06208924110798525,0.3909581,0.6807501145771571,False,
HLA-DQB1,8,18,0.406529,0.39753464,-0.012976134003261627,0.39710423,0.6807501145771571,False,
FCER1G,8,18,0.45634758,0.3596362,-0.13952505309607421,0.42854938,0.7071064755320549,False,
PPBP,8,18,0.1585164,0.22862631,0.1011472105473639,0.42018119,0.7071064755320549,False,
JUN,8,18,0.5772848,0.8692769,0.42125550890191954,0.42854938,0.7071064755320549,False,
S100A4,8,18,2.50694,2.4414506,-0.09448107700859601,0.46135667,0.7164597693611594,False,
S100A6,8,18,2.0617263,1.9690756,-0.13366680805973435,0.46135667,0.7164597693611594,False,
LGALS1,8,18,0.81541085,0.75264806,-0.09054757580938727,0.46135667,0.7164597693611594,False,
GZMK,8,18,0.77830374,0.71607596,-0.08977571767231499,0.46135667,0.7164597693611594,False,
HLA-DPB1,8,18,1.0379092,0.9451726,-0.13379054957703015,0.46135667,0.7164597693611594,False,
DUSP2,8,18,0.34581736,0.49717268,0.21835957848579904,0.49543518,0.7431527674198151,False,
FTH1,8,18,2.7053435,2.6026418,-0.14816718130193035,0.49543518,0.7431527674198151,False,
ITM2C,8,18,0.30911183,0.22707807,-0.11834971070642226,0.49543518,0.7431527674198151,False,
SAT1,8,18,0.766171,0.8151006,0.0705905370206161,0.53078234,0.7533684853584536,False,
IRF7,8,18,0.30439478,0.26263407,-0.060247973350016665,0.53078234,0.7533684853584536,False,
RPS26,8,18,2.7409885,2.5362763,-0.2953372071941581,0.53078234,0.7533684853584536,False,
NEAT1,8,18,0.88036466,0.98029625,0.14417082044383125,0.53078234,0.7533684853584536,False,
CD8B,8,18,0.5000245,0.5343502,0.049521544402691436,0.53078234,0.7533684853584536,False,
GZMB,8,18,0.53978395,0.50249135,-0.05380184861736501,0.567283,0.7719727078663934,False,
HLA-DQA1,8,18,0.3040801,0.31223938,0.011771352538304938,0.567283,0.7719727078663934,False,
CD74,8,18,2.3587062,2.2393756,-0.17215772920138697,0.567283,0.7719727078663934,False,
CST3,8,18,0.36749184,0.2702311,-0.14031759214691275,0.567283,0.7719727078663934,False,
HLA-DPA1,8,18,0.9448757,0.8734943,-0.10298157750146662,0.60491914,0.8147890397480556,False,
MT2A,8,18,0.6059998,0.64980644,0.0631995825997869,0.64356273,0.8273349070767744,True,0.956449294090271
HOPX,8,18,0.5562695,0.58616346,0.043127831382890225,0.68317807,0.8273349070767744,False,
CCL4,8,18,0.32895106,0.3043571,-0.035481568716855184,0.68317807,0.8273349070767744,False,
MT-ND3,8,18,3.5581875,3.463131,-0.1371375899367967,0.64356273,0.8273349070767744,False,
CD79A,8,18,0.23840538,0.22763014,-0.015545382824501125,0.68317807,0.8273349070767744,False,
SPON2,8,18,0.23696034,0.26209384,0.036259983692491615,0.64356273,0.8273349070767744,False,
CD79B,8,18,0.23149435,0.24941884,0.025859569357708202,0.68317807,0.8273349070767744,False,
GZMA,8,18,0.99264705,1.0542716,0.08890539946762376,0.68317807,0.8273349070767744,False,
FERMT3,8,18,0.37418592,0.40667728,0.04687511836687725,0.64356273,0.8273349070767744,False,
NCOA4,8,18,0.23441775,0.2699755,0.05129900659718992,0.68317807,0.8273349070767744,False,
SLC39A4,8,18,0.062092688,0.05644822,-0.008143244156908003,0.68317807,0.8273349070767744,True,0.956449294090271
TAGLN2,8,18,1.2735163,1.217567,-0.08071782140799802,0.7236191,0.8378747513419703,False,
HLA-DRB1,8,18,0.782867,0.7951596,0.017734421000345668,0.7236191,0.8378747513419703,False,
MT-CO2,8,18,4.144949,4.1051764,-0.057379603703264025,0.7236191,0.8378747513419703,False,
MT-CO1,8,18,4.225437,4.2052107,-0.029180640337194468,0.7236191,0.8378747513419703,False,
TRDC,8,18,0.21731022,0.2404762,0.03342145303566368,0.7236191,0.8378747513419703,False,
KLRF1,8,18,0.20946777,0.21070409,0.0017836320720981884,0.764841,0.8779044752535613,False,
CMC1,8,18,0.5364325,0.5466665,0.014764538593921258,0.8066826,0.9179491503485318,False,
XCL2,8,18,0.15021993,0.1659795,0.022736256928882807,0.84908867,0.9418462544930082,False,
MT-CO3,8,18,3.9108024,3.8615744,-0.07102092360440028,0.84908867,0.9418462544930082,False,
TRAC,8,18,1.1564398,1.0912989,-0.09397837172012402,0.84908867,0.9418462544930082,False,
SLC30A1,8,18,0.015008092,0.016135203,0.0016260771533054175,0.8894628,0.9784091114997864,True,1.0
FOS,8,18,0.46631175,0.4763277,0.014449939329830467,0.9350223,0.9795471656890142,False,
TRGC2,8,18,0.21506573,0.21637996,0.0018960227344370338,0.9350223,0.9795471656890142,False,
SLC39A1,8,18,0.09760325,0.0918424,-0.008311147594270658,0.9350223,0.9795471656890142,True,1.0
TUBA4A,8,18,0.45934963,0.48089796,0.031087669961286722,0.9350223,0.9795471656890142,False,
LST1,8,18,0.18621592,0.1780357,-0.011801556991362719,0.9350223,0.9795471656890142,False,
CTSS,8,18,0.57249755,0.5731781,0.0009818489537757745,0.9350223,0.9795471656890142,False,
SLC39A7,8,18,0.10156874,0.10361597,0.002953522556761086,1.0,1.0,True,1.0
FGFBP2,8,18,0.33449623,0.34361243,0.013151900272443418,0.97831047,1.0,False,
MT1E,8,18,0.08975856,0.09126825,0.0021780205372736454,1.0,1.0,True,1.0
GZMH,8,18,0.47389978,0.5137303,0.05746327326290878,1.0,1.0,False,
KLRD1,8,18,0.516235,0.537252,0.030321143286391183,0.97831047,1.0,False,
ACTB,8,18,3.7439518,3.83938,0.13767383184218696,0.97831047,1.0,False,
